NameID,Name_ZhT.x,IDCH,Name_Py,OrgSup,Institution,Type_2,Type_1,Institution_Lev_2,Institution_Lev_3,Prov_Inst,City_Inst,Position,Level_Code,Level_New,StartPosYear,StartPosMonth,StartJob,Name_ZhT.y,Zi,BirthProv,BirthLoc,Gender,Age,Birthyear,Generation,年齡
N04512,丁穎,P25000,Ding Ying,農林部第一級附屬機關主官及幕僚長,廣東省推廣繁殖站,GOV-A,GOV,NA,NA,廣東,不明,主任,MM,Middle Management,1942,5,1942,丁穎,NA,廣東,茂名,M,56,1889,3,56
N05541,丁衍鏞,P25001,Ding Yanyong,僑務委員會,秘書處,GOV-C,GOV,NA,NA,江蘇,南京,專員,SCS,Senior Civil Service,1943,1,1943,丁衍鏞,NA,廣東,茂名,M,43,1902,4,43
N03651,于定,P25002,Yu Ding,交通部,交通部,GOV-C,GOV,NA,NA,江蘇,南京,薦任秘書,AOS,Administrative and Office Staff,1941,3,1941,于定,秋穆,江蘇,金壇,M,50,1895,3,50
N06608,于若愚,P25003,Wu Ruoyu,中央公務員懲戒委員會,中央公務員懲戒委員會,GOV-C,GOV,NA,NA,江蘇,南京,委員,MM,Middle Management,1933,7,1933,于若愚,哲士,湖南,臨澧,M,64,1881,2,64
N02188,仇預,P25004,Chou Yu,財政部,專賣事業司,GOV-C,GOV,NA,NA,江蘇,南京,專員,SCS,Senior Civil Service,1942,7,1942,仇預,立夫,江蘇,南京,M,59,1886,3,59
N05427,任翿和,P25005,Ren Daohe,蒙藏委員會,總務處,GOV-C,GOV,NA,NA,江蘇,南京,薦任待遇科員,AOS,Administrative and Office Staff,1939,9,1939,任翿和,秋濤,湖北,武昌,M,53,1892,3,53
N00035,但燾,P25006,Dan Dao,國民政府,國民政府國史館籌備委員會,GOV-C,GOV,NA,NA,江蘇,南京,總幹事,SCS,Senior Civil Service,1937,3,1937,但燾,植之,湖北,蒲圻,M,63,1881,2,63
N00035,但燾,P25007,Dan Dao,國民政府,國民政府文官處,GOV-C,GOV,NA,NA,江蘇,南京,秘書,AOS,Administrative and Office Staff,1940,12,1940,但燾,植之,湖北,蒲圻,M,63,1881,2,63
N06736,何基鴻,P25008,He Jihong,監察院,監察院,GOV-C,GOV,NA,NA,江蘇,南京,監察委員,AOS,Administrative and Office Staff,1942,4,1942,何基鴻,海秋,河北,藁縣,M,56,1889,3,56
N04944,何孝純,P25009,He Xiaochun,糧食部,管制司,GOV-C,GOV,NA,NA,江蘇,南京,科長,MM,Middle Management,1943,3,1943,何孝純,NA,福建,閩侯,M,39,1906,4,39
N05791,何家濂,P25010,He Jialian,行政院水利委員會,工務處,GOV-C,GOV,NA,NA,江蘇,南京,技佐,PTS,Professional and Technical Staff,1942,7,1942,何家濂,NA,福建,閩侯,M,28,1917,6,28
N07364,何啟澧,P25011,He Qili,審計部第一級附屬機關主官及幕僚長,廣西審計處,GOV-A,GOV,NA,NA,廣西,桂林,處長,MM,Middle Management,1936,8,1936,何啟澧,蘭生,廣東,順德,M,55,1890,3,55
N06312,何昂,P25012,He Ang,立法院,軍事委員會,GOV-C,GOV,NA,NA,江蘇,南京,主任,MM,Middle Management,1936,7,1936,何昂,基甫,福建,閩侯,M,60,1885,2,60
N06460,何蔚,P25013,He Wei,最高法院,刑事第三庭,GOV-C,GOV,NA,NA,江蘇,南京,庭長,SCS,Senior Civil Service,1934,11,1934,何蔚,慎其,廣東,興寧,M,61,1884,2,61
N06391,何超,P25014,He Chao,司法院,統計處,GOV-C,GOV,NA,NA,江蘇,南京,統計長,PTS,Professional and Technical Staff,1942,5,1942,何超,枚如,福建,閩侯,M,56,1889,3,56
N04336,余先亮,P25015,Yu Xianliang,農林部,農村經濟司,GOV-C,GOV,NA,NA,江蘇,南京,專員,SCS,Senior Civil Service,1941,9,1941,余先亮,NA,四川,威遠,M,39,1906,4,39
N00369,余又蓀,P25016,Yu Yousun,國立中央研究,總辦事處,GOV-C,GOV,NA,NA,江蘇,南京,秘書,AOS,Administrative and Office Staff,1943,11,1943,余又蓀,NA,四川,涪陵,M,37,1908,5,37
N01070,余紫驤,P25017,Yu Zixiang,外交部,外交部亞東司,GOV-C,GOV,NA,NA,江蘇,南京,科長,MM,Middle Management,1943,1,1943,余紫驤,NA,安徽,休寧,M,60,1885,2,60
N03595,余鍾志,P25018,Yu Zhongzhi,教育部,美術教育委員會,GOV-C,GOV,NA,NA,江蘇,南京,秘書,AOS,Administrative and Office Staff,1943,7,1943,余鍾志,NA,四川,涪陵,M,34,1911,5,34
N04364,侯朝海,P25019,Hou Zhaohai,農林部,漁牧司,GOV-C,GOV,NA,NA,江蘇,南京,科長,MM,Middle Management,1940,7,1940,侯朝海,宗卿,江蘇,無錫,M,48,1897,4,48
N02949,傅銘九,P25020,Fu Mingjiu,經濟部,經濟部,GOV-C,GOV,NA,NA,江蘇,南京,技正,PTS,Professional and Technical Staff,1942,9,1942,傅銘九,NA,浙江,東陽,M,48,1897,4,48
N03592,傅隸樸,P25021,Fu Lipu,教育部,僑民教育設計委員會,GOV-C,GOV,NA,NA,江蘇,南京,秘書,AOS,Administrative and Office Staff,1943,1,1943,傅隸樸,守知,湖北,天門,M,40,1905,4,40
N01721,况厚豐,P25022,Kuang Houfeng,財政部,稅務署,GOV-C,GOV,NA,NA,江蘇,南京,視察,AOS,Administrative and Office Staff,1943,12,1943,况厚豐,NA,四川,達縣,M,34,1911,5,34
N01044,凌曼壽,P25023,Ling Manshou,外交部,外交部參事廳,GOV-C,GOV,NA,NA,江蘇,南京,領事,MM,Middle Management,1943,3,1943,凌曼壽,達劼,浙江,吳興,M,46,1899,4,46
N01686,劉允承,P25024,Liu Yuncheng,財政部,關務署,GOV-C,GOV,NA,NA,江蘇,南京,薦任科員,AOS,Administrative and Office Staff,1943,6,1943,劉允承,NA,江蘇,武進,M,44,1901,4,44
N01159,劉博崑,P25025,Liu Bokun,外交部,外交部情報司,GOV-C,GOV,NA,NA,江蘇,南京,專員,SCS,Senior Civil Service,1940,3,1940,劉博崑,NA,遼寧,安康,M,38,1907,5,38
N02418,劉培基,P25026,Liu Peiji,財政部,總務司,GOV-C,GOV,NA,NA,江蘇,南京,科員,AOS,Administrative and Office Staff,1943,3,1943,劉培基,魯丞,湖南,長沙,M,51,1894,3,51
N05237,劉子昂,P25027,Liu Ziang,司法行政部,刑事司,GOV-C,GOV,NA,NA,江蘇,南京,科員,AOS,Administrative and Office Staff,1942,9,1942,劉子昂,NA,江西,宜豐,M,46,1899,4,46
N06365,劉子芬,P25028,Liu Zifen,司法院,參事處,GOV-C,GOV,NA,NA,江蘇,南京,參事,EM,Executive Management,1932,1,1932,劉子芬,竹園,廣東,梅縣,M,58,1887,3,58
N02655,劉崐輝,P25029,Liu Kunhui,財政部,總務司,GOV-C,GOV,NA,NA,江蘇,南京,出差督導,AOS,Administrative and Office Staff,1942,7,1942,劉崐輝,NA,四川,江津,M,41,1904,4,41
N00367,劉次簫,P25030,Liu Cixiao,國立中央研究,總辦事處,GOV-C,GOV,NA,NA,江蘇,南京,主任,MM,Middle Management,1941,6,1941,劉次簫,NA,山東,安邱,M,55,1890,3,55
N06607,劉武,P25031,Liu Wu,中央公務員懲戒委員會,中央公務員懲戒委員會,GOV-C,GOV,NA,NA,江蘇,南京,委員,MM,Middle Management,1932,6,1932,劉武,政輿,湖南,湘潭,M,67,1878,2,67
N00085,劉毅夫,P25032,Liu Yifu,國民政府,國民政府文官處,GOV-C,GOV,NA,NA,江蘇,南京,科長,MM,Middle Management,1942,8,1928,劉毅夫,NA,湖南,常德,M,52,1893,3,52
N00858,劉燧昌,P25033,Liu Suichang,內政部,內政部第四組,GOV-C,GOV,NA,NA,江蘇,南京,參事,EM,Executive Management,1942,1,1942,劉燧昌,剛吾,貴州,興義,M,53,1892,3,53
N04864,劉竹賢,P25034,Liu Zhuxian,糧食部,糧食部,GOV-C,GOV,NA,NA,江蘇,南京,視察,AOS,Administrative and Office Staff,1941,6,1941,劉竹賢,NA,四川,敍永,M,35,1910,5,35
N03520,劉開達,P25035,Liu Kaida,教育部,國民教育輔導研究委員會,GOV-C,GOV,NA,NA,江蘇,南京,組主任,MM,Middle Management,1942,6,1942,劉開達,善普,江蘇,寶應,M,38,1907,5,38
N04669,劉鳳儀,P25036,Liu Fengyi,社會部,社會福利司,GOV-C,GOV,NA,NA,江蘇,南京,科員,AOS,Administrative and Office Staff,1943,5,1943,劉鳳儀,NA,廣東,梅縣,M,32,1913,5,32
N01908,包際春,P25037,Bao Jichun,財政部,緝私署,GOV-C,GOV,NA,NA,江蘇,南京,科長,MM,Middle Management,1941,8,1941,包際春,榮甫,浙江,春順,M,42,1903,4,42
N06182,史太璞,P25038,Shi Taipu,立法院,秘書室,GOV-C,GOV,NA,NA,江蘇,南京,簡任秘書,AOS,Administrative and Office Staff,1929,7,1929,史太璞,NA,安徽,桐城,M,52,1893,3,52
N06639,史尚寬,P25039,Shi Shangkuan,考試院,考試院,GOV-C,GOV,NA,NA,江蘇,南京,秘書長,SCS,Senior Civil Service,1942,1,1942,史尚寬,旦生,安徽,桐城,M,46,1898,4,46
N04704,史維煥,P25040,Shi Weihuan,社會部,勞動局,GOV-C,GOV,NA,NA,江蘇,南京,副局長,MM,Middle Management,1930,12,1930,史維煥,奎光,貴州,貴定,M,50,1895,3,50
N04704,史維煥,P25041,Shi Weihuan,立法院,立法院,GOV-C,GOV,NA,NA,江蘇,南京,立法委員,SEM,Senior Executive Management,1930,12,1930,史維煥,奎光,貴州,貴定,M,50,1895,3,50
N01872,吳力生,P25042,Wu Lisheng,財政部,緝私署,GOV-C,GOV,NA,NA,江蘇,南京,秘書,AOS,Administrative and Office Staff,1943,8,1943,吳力生,NA,浙江,松陽,M,40,1905,4,40
N00666,吳子雋,P25043,Wu Zijuan,行政院,行政院,GOV-C,GOV,NA,NA,江蘇,南京,簡任待遇秘書,AOS,Administrative and Office Staff,1928,11,1928,吳子雋,NA,湖南,湘潭,M,60,1885,2,60
N07008,吳建常,P25044,Wu Jianchang,監察院,監察院,GOV-C,GOV,NA,NA,江蘇,南京,監察委員,AOS,Administrative and Office Staff,1940,4,1940,吳建常,仲旂,陝西,涇陽,M,68,1877,2,68
N06740,吳思豫,P25045,Wu Siyu,考試院,法規委員會,GOV-C,GOV,NA,NA,江蘇,南京,委員,MM,Middle Management,1942,4,1942,吳思豫,NA,浙江,嘉興,M,59,1886,3,59
N01383,吳文叔,P25046,Wu Wenshu,財政部,國庫署,GOV-C,GOV,NA,NA,江蘇,南京,稽核,AOS,Administrative and Office Staff,1943,12,1943,吳文叔,NA,安徽,合肥,M,31,1914,5,31
N06644,吳浴文,P25047,Wu Yuwen,考試院,法規委員會,GOV-C,GOV,NA,NA,江蘇,南京,當然委員,MM,Middle Management,1942,2,1942,吳浴文,NA,安徽,桐城,M,38,1907,5,38
N06644,吳浴文,P25048,Wu Yuwen,考試院,考試院,GOV-C,GOV,NA,NA,江蘇,南京,秘書,AOS,Administrative and Office Staff,1942,2,1942,吳浴文,NA,安徽,桐城,M,38,1907,5,38
N01264,吳玉良,P25049,Wu Yuliang,外交部,機要室,GOV-C,GOV,NA,NA,江蘇,南京,科長,MM,Middle Management,1944,2,1944,吳玉良,NA,河北,天津,M,31,1914,5,31
N07238,吳紹鑑,P25050,Wu Shaojian,審計部,總務處,GOV-C,GOV,NA,NA,江蘇,南京,科長,MM,Middle Management,1943,5,1943,吳紹鑑,NA,廣東,廉江,M,43,1902,4,43
N07125,吳金堂,P25051,Wu Jintang,審計部,審計部,GOV-C,GOV,NA,NA,江蘇,南京,稽查,AOS,Administrative and Office Staff,1944,2,1944,吳金堂,NA,安徽,歙縣,M,40,1905,4,40
N06170,呂復,P25052,Lü Fu,立法院,立法院,GOV-C,GOV,NA,NA,江蘇,南京,立法委員,SEM,Senior Executive Management,1942,9,1942,呂復,健秋,河北,北京,M,65,1880,2,65
N00121,呂超,P25053,Lü Chao,國民政府,國民政府參軍處,GOV-C,GOV,NA,NA,江蘇,南京,參軍長,EM,Executive Management,1932,1,1932,呂超,漢群,四川,宜賓,M,55,1890,3,55
N05365,周予牧,P25054,Zhou Yumu,司法行政部第一級附屬機關主官及幕僚長,山東高等法院,GOV-C,GOV,NA,NA,江蘇,南京,院長,SEM,Senior Executive Management,1940,2,1940,周予牧,NA,河北,灤縣,M,50,1895,3,50
N00030,周仲良,P25055,Zhou Zhongliang,國民政府委員會,國民政府文官處,GOV-C,GOV,NA,NA,江蘇,南京,秘書,AOS,Administrative and Office Staff,1928,10,1928,周仲良,NA,貴州,黎平,M,57,1888,3,57
N00030,周仲良,P25056,Zhou Zhongliang,國民政府,國民政府文官處,GOV-C,GOV,NA,NA,江蘇,南京,局長,MM,Middle Management,1927,4,1927,周仲良,NA,貴州,黎平,M,57,1888,3,57
N03645,周厚鈞,P25057,Zhou Houjun,交通部,交通部,GOV-C,GOV,NA,NA,江蘇,南京,簡任待遇專員,SCS,Senior Civil Service,1943,1,1943,周厚鈞,NA,江蘇,江都,M,40,1905,4,40
N03464,周彧文,P25058,Zhou Yuwen,教育部,訓育委員會,GOV-C,GOV,NA,NA,江蘇,南京,專任委員,MM,Middle Management,1942,10,1942,周彧文,思漢,吉林,雙城,M,39,1906,4,39
N01544,周樹嘉,P25059,Zhou Shujia,財政部,國庫署,GOV-C,GOV,NA,NA,江蘇,南京,統計主任,PTS,Professional and Technical Staff,1940,4,1940,周樹嘉,NA,湖南,衡山,M,33,1912,5,33
N04604,周泰京,P25060,Zhou Taijing,社會部,社會福利司,GOV-C,GOV,NA,NA,江蘇,南京,科長,MM,Middle Management,1940,11,1940,周泰京,NA,江西,南豐,M,38,1907,5,38
N05555,周演明,P25061,Zhou Yanming,僑務委員會,僑務管理處,GOV-C,GOV,NA,NA,江蘇,南京,處長,MM,Middle Management,1932,5,1932,周演明,德光,廣東,順德,M,54,1891,3,54
N02585,周獻琛,P25062,Zhou Xianchen,財政部,總務司,GOV-C,GOV,NA,NA,江蘇,南京,技正,PTS,Professional and Technical Staff,1942,7,1942,周獻琛,NA,江西,進賢,M,35,1910,5,35
N04505,周進三,P25063,Zhou Jinsan,農林部第一級附屬機關主官及幕僚長,福建順昌墾區管理局,GOV-A,GOV,NA,NA,福建,不明,局長,MM,Middle Management,1943,7,1943,周進三,亞屏,浙江,嵊縣,M,43,1900,4,43
N03294,周雲裳,P25064,Zhou Yunshang,教育部,社會教育司,GOV-C,GOV,NA,NA,江蘇,南京,科員,AOS,Administrative and Office Staff,1929,7,1929,周雲裳,NA,廣東,南海,M,42,1903,4,42
N05144,夏勤,P25065,Xia Qin,司法行政部,司法行政部,GOV-C,GOV,NA,NA,江蘇,南京,常務次長,NL,National Leadership,1938,2,1938,夏勤,敬民,江蘇,泰縣,M,51,1894,3,51
N01996,姚寶賢,P25066,Yao Baoxian,財政部,錢幣司,GOV-C,GOV,NA,NA,江蘇,南京,稽核,AOS,Administrative and Office Staff,1942,2,1942,姚寶賢,NA,江蘇,江寧,M,38,1907,5,38
N02359,姜善甫,P25067,Jiang Shanfu,財政部,總務司,GOV-C,GOV,NA,NA,江蘇,南京,視察,AOS,Administrative and Office Staff,1943,12,1943,姜善甫,NA,四川,成都,M,34,1911,5,34
N02816,孔庚,P25068,Kong Geng,財政部,公債司核銷債券處公債籌募委員會,GOV-C,GOV,NA,NA,江蘇,南京,委員,MM,Middle Management,NA,NA,NA,孔庚,雯軒,湖北,浠水,M,71,1874,1,71
N07030,孫俍工,P25069,Sun Lianggong,監察院,監察院,GOV-C,GOV,NA,NA,江蘇,南京,參事,EM,Executive Management,1940,4,1940,孫俍工,NA,湖南,邵陽,M,49,1896,3,49
N00662,孫希文,P25070,Sun Xiwen,行政院,法規委員會,GOV-C,GOV,NA,NA,江蘇,南京,主任委員,MM,Middle Management,1941,1,1941,孫希文,NA,安徽,懷遠,M,52,1893,3,52
N00662,孫希文,P25071,Sun Xiwen,行政院,行政院,GOV-C,GOV,NA,NA,江蘇,南京,參事,EM,Executive Management,1941,1,1941,孫希文,NA,安徽,懷遠,M,52,1893,3,52
N02199,孫炤烜,P25072,Sun Zhaoxuan,財政部,專賣事業司,GOV-C,GOV,NA,NA,江蘇,南京,稽核,AOS,Administrative and Office Staff,1942,12,1942,孫炤烜,NA,江蘇,徐州,M,31,1914,5,31
N01076,孫秉乾,P25073,Sun Bingqian,外交部,外交部亞東司,GOV-C,GOV,NA,NA,江蘇,南京,科長,MM,Middle Management,1940,3,1940,孫秉乾,中陽,吉林,榆樹,M,41,1904,4,41
N05565,孫荷曾,P25074,Sun Hezeng,僑務委員會,僑民教育處,GOV-C,GOV,NA,NA,江蘇,南京,專員,SCS,Senior Civil Service,1944,1,1944,孫荷曾,立言,廣東,NA,M,33,1912,5,33
N04127,孫銘修,P25075,Sun Mingxiu,交通部,秘書室,GOV-C,GOV,NA,NA,江蘇,南京,秘書,AOS,Administrative and Office Staff,1943,7,1943,孫銘修,叔毅,江蘇,無錫,M,43,1902,4,43
N03897,孫靖圻,P25076,Sun Jingqi,交通部,總務司,GOV-C,GOV,NA,NA,江蘇,南京,科長,MM,Middle Management,1943,4,1943,孫靖圻,子遠,江蘇,無錫,M,63,1882,2,63
N07311,安維泰,P25077,An Weitai,審計部,駐西北各鐵路局,GOV-A,GOV,NA,NA,不明,不明,審計,AOS,Administrative and Office Staff,1942,1,1942,安維泰,乾三,陝西,耀縣,M,48,1897,4,48
N01869,宋式善,P25078,Song Shishan,財政部,緝私署,GOV-C,GOV,NA,NA,江蘇,南京,專員,SCS,Senior Civil Service,1944,1,1944,宋式善,謹予,湖南,長沙,M,55,1890,3,55
N01075,宿夢公,P25079,Su Menggong,外交部,外交部亞東司,GOV-C,GOV,NA,NA,江蘇,南京,隨習領事,AOS,Administrative and Office Staff,1940,9,1940,宿夢公,NA,吉林,珠河,M,36,1909,5,36
N00005,居正,P25080,Ju Zheng,司法院,司法院,GOV-C,GOV,NA,NA,江蘇,南京,院長,SEM,Senior Executive Management,1932,1,1932,居正,覺生,湖北,廣濟,M,69,1876,2,69
N00005,居正,P25081,Ju Zheng,國民政府委員會,國民政府委員會,GOV-C,GOV,NA,NA,江蘇,南京,委員,MM,Middle Management,1932,1,1932,居正,覺生,湖北,廣濟,M,69,1876,2,69
N00163,屠景曾,P25082,Tu Jingzeng,國民政府,國民政府參軍處,GOV-C,GOV,NA,NA,江蘇,南京,科員,AOS,Administrative and Office Staff,1929,9,1929,屠景曾,頌谷,浙江,嘉興,M,60,1885,2,60
N02703,席德懋,P25083,Xi Demao,財政部,金融研究委員會,GOV-C,GOV,NA,NA,江蘇,南京,委員,MM,Middle Management,1941,11,1941,席德懋,建侯,江蘇,吳縣,M,52,1892,3,NA
N01757,席秉章,P25084,Xi Bingzhang,財政部,稅務署,GOV-C,GOV,NA,NA,江蘇,南京,稅務督察,AOS,Administrative and Office Staff,1943,3,1943,席秉章,NA,山西,桓曲,M,41,1904,4,41
N05138,康寶志,P25085,Kang Baozhi,糧食部第一級附屬機關主官及幕僚長,四川民食第一供應處,GOV-C,GOV,NA,NA,江蘇,南京,處長,MM,Middle Management,1943,3,1943,康寶志,心之,陝西,城固,M,51,1894,3,51
N05243,廖維勳,P25086,Liao Weixun,司法行政部,監獄司,GOV-C,GOV,NA,NA,江蘇,南京,科長,MM,Middle Management,1932,6,1932,廖維勳,允端,湖南,常德,M,62,1883,2,62
N06456,張于潯,P25087,Zhang Wuxun,最高法院,刑事第二庭,GOV-C,GOV,NA,NA,江蘇,南京,庭長,SCS,Senior Civil Service,1934,11,1934,張于潯,惠民,江西,南昌,M,54,1891,3,54
N05034,張仁川,P25088,Zhang Renchuan,糧食部,財務司,GOV-C,GOV,NA,NA,江蘇,南京,專員,SCS,Senior Civil Service,1943,1,1943,張仁川,NA,廣東,NA,M,40,1905,4,40
N03308,張兆煥,P25089,Zhang Zhaohuan,教育部,蒙藏教育司,GOV-C,GOV,NA,NA,江蘇,南京,科長,MM,Middle Management,1943,2,1943,張兆煥,NA,福建,仙游,M,45,1900,4,45
N00962,張國鈞,P25090,Zhang Guojun,內政部,內政部營建司,GOV-C,GOV,NA,NA,江蘇,南京,科員,AOS,Administrative and Office Staff,1942,7,1942,張國鈞,少池,安徽,桐城,M,56,1889,3,56
N00962,張國鈞,P25091,Zhang Guojun,監察院,院長辦公室,GOV-C,GOV,NA,NA,江蘇,南京,科員,AOS,Administrative and Office Staff,1942,7,1942,張國鈞,少池,安徽,桐城,M,56,1889,3,56
N03523,張希文,P25092,Zhang Xiwen,教育部,國民教育輔導研究委員會,GOV-C,GOV,NA,NA,江蘇,南京,幹事,SCS,Senior Civil Service,1942,11,1942,張希文,NA,河北,棗強,F,36,1909,5,36
N06691,張忠道,P25093,Zhang Zhongdao,考試院,法規委員會,GOV-C,GOV,NA,NA,江蘇,南京,當然委員,MM,Middle Management,1937,2,1937,張忠道,性齋,安徽,六安,M,46,1899,4,46
N06691,張忠道,P25094,Zhang Zhongdao,考選委員會,考選委員會,GOV-C,GOV,NA,NA,江蘇,南京,委員,MM,Middle Management,1937,2,1937,張忠道,性齋,安徽,六安,M,46,1899,4,46
N01278,張念萱,P25095,Zhang Nianxuan,外交部,人事處第二科,GOV-C,GOV,NA,NA,江蘇,南京,荐任待遇科員,AOS,Administrative and Office Staff,1940,9,1940,張念萱,荷帲,江西,武寧,M,40,1905,4,40
N01074,張振漢,P25096,Zhang Zhenhan,外交部,外交部亞東司,GOV-C,GOV,NA,NA,江蘇,南京,副領事,AOS,Administrative and Office Staff,1942,10,1942,張振漢,奮廷,福建,莆田,M,46,1899,4,46
N05612,張掄元,P25097,Zhang Lunyuan,振濟委員會,振濟委員會第一處,GOV-C,GOV,NA,NA,江蘇,南京,科長,MM,Middle Management,1941,1,1941,張掄元,經武,浙江,吳興,M,36,1909,5,36
N05681,張啟凡,P25098,Zhang Qifan,振濟委員會,人事室,GOV-C,GOV,NA,NA,江蘇,南京,專員,SCS,Senior Civil Service,1944,3,1944,張啟凡,NA,廣東,南海,F,35,1910,5,35
N05789,張智斌,P25099,Zhang Zhibin,行政院水利委員會,工務處,GOV-C,GOV,NA,NA,江蘇,南京,技佐,PTS,Professional and Technical Staff,1941,9,1941,張智斌,右文,安徽,合肥,M,27,1918,6,27
N06314,張樹勛,P25100,Zhang Shuxun,立法院,軍事委員會,GOV-C,GOV,NA,NA,江蘇,南京,秘書,AOS,Administrative and Office Staff,1929,1,1929,張樹勛,彬士,江蘇,NA,M,65,1880,2,65
N03765,張毓驊,P25101,Zhang Yuhua,交通部,財務司第六科,GOV-C,GOV,NA,NA,江蘇,南京,科長,MM,Middle Management,1942,7,1942,張毓驊,驤逵,江蘇,崇明,M,60,1885,2,60
N03765a,張毓驊a,P25102,Zhang Yuhua,農林部,農事司,GOV-C,GOV,NA,NA,江蘇,南京,科長,MM,Middle Management,1940,7,1940,張毓驊a,路展,江蘇,太倉,M,45,1900,4,45
N00599,張清廉,P25103,Zhang Qinglian,國民政府,國民政府國史館籌備委員會,GOV-C,GOV,NA,NA,江蘇,南京,副總幹事,MM,Middle Management,1942,12,1942,張清廉,NA,河北,正定,M,60,1885,2,60
N05787,張漢,P25104,Zhang Han,行政院水利委員會,工務處,GOV-C,GOV,NA,NA,江蘇,南京,技士,PTS,Professional and Technical Staff,1943,1,1943,張漢,雲倬,安徽,壽縣,M,31,1914,5,31
N06465,張燿,P25105,Zhang Yao,最高法院,刑事第四庭,GOV-C,GOV,NA,NA,江蘇,南京,庭長,SCS,Senior Civil Service,1936,3,1936,張燿,南軒,陝西,長安,M,59,1886,3,59
N00973,張瑞光,P25106,Zhang Ruiguang,內政部,內政部營建司,GOV-C,GOV,NA,NA,江蘇,南京,編審,AOS,Administrative and Office Staff,1944,2,1944,張瑞光,亮卿,雲南,文山,F,34,1911,5,34
N01385,張白衣,P25107,Zhang Baiyi,財政部,國庫署,GOV-C,GOV,NA,NA,江蘇,南京,稽核,AOS,Administrative and Office Staff,1941,12,1941,張白衣,NA,江蘇,嘉定,M,35,1910,5,35
N06580,張知本,P25108,Zhang Zhiben,行政法院,行政法院,GOV-C,GOV,NA,NA,江蘇,南京,院長,SEM,Senior Executive Management,1943,4,1943,張知本,懷九,湖北,江陵,M,63,1882,2,63
N05711,張群,P25109,Zhang Qun,行政院水利委員會,行政院水利委員會,GOV-C,GOV,NA,NA,江蘇,南京,委員,MM,Middle Management,1941,9,1941,張群,岳軍,四川,華陽,M,56,1889,3,56
N07016,張華瀾,P25110,Zhang Hualan,監察院,監察院,GOV-C,GOV,NA,NA,江蘇,南京,監察委員,AOS,Administrative and Office Staff,1933,4,1933,張華瀾,芷江,雲南,石屏,M,64,1881,2,64
N02439,張貽蘭,P25111,Zhang Yilan,財政部,總務司,GOV-C,GOV,NA,NA,江蘇,南京,科員,AOS,Administrative and Office Staff,1941,9,1941,張貽蘭,NA,福建,NA,M,60,1885,2,60
N04319,張遠峯,P25112,Zhang Yuanfeng,農林部,農事司,GOV-C,GOV,NA,NA,江蘇,南京,司長,MM,Middle Management,1940,7,1940,張遠峯,NA,廣東,開平,M,53,1892,3,53
N03431,張邦華,P25113,Zhang Banghua,教育部,統計室,GOV-C,GOV,NA,NA,江蘇,南京,特約編輯,PTS,Professional and Technical Staff,1929,2,1929,張邦華,燮和,浙江,海寧,M,66,1879,2,66
N02205,彭伯興,P25114,Peng Boxing,財政部,專賣事業司,GOV-C,GOV,NA,NA,江蘇,南京,技正,PTS,Professional and Technical Staff,1943,10,1943,彭伯興,學昌,安徽,廣德,M,38,1907,5,38
N06884,彭漢懷,P25115,Peng Hanhuai,銓敘部第一級附屬機關主官及幕僚長,銓敘部,GOV-C,GOV,NA,NA,江蘇,南京,處長,MM,Middle Management,1940,7,1940,彭漢懷,NA,湖南,長沙,M,64,1881,2,64
N02749,彭鍾善,P25116,Peng Zhongshan,財政部,貨物評價委員會,GOV-C,GOV,NA,NA,江蘇,南京,調查員,AOS,Administrative and Office Staff,1943,7,1943,彭鍾善,由笙,湖北,武昌,M,54,1891,3,54
N03299,徐伯璞,P25117,Xu Bopu,教育部,社會教育司,GOV-C,GOV,NA,NA,江蘇,南京,科長,MM,Middle Management,1938,12,1938,徐伯璞,NA,山東,肥城,M,38,1907,5,38
N02919,徐梗生,P25118,Xu Gengsheng,經濟部,經濟部,GOV-C,GOV,NA,NA,江蘇,南京,秘書,AOS,Administrative and Office Staff,1939,3,1939,徐梗生,麟史,江西,進賢,M,40,1905,4,40
N01093,徐源達,P25119,Xu Yuanda,外交部,外交部亞東司,GOV-C,GOV,NA,NA,江蘇,南京,隨習領事,AOS,Administrative and Office Staff,1940,10,1940,徐源達,志一,浙江,德清,M,47,1898,4,47
N00827,徐蔚南,P25120,Xu Weinan,行政院,中央圖書雜誌審查委員會,GOV-C,GOV,NA,NA,江蘇,南京,主任秘書,SCS,Senior Civil Service,1943,11,1943,徐蔚南,NA,江蘇,吳江,M,46,1899,4,46
N03503,徐誦明,P25121,Xu Songming,教育部,醫學教育委員會,GOV-C,GOV,NA,NA,江蘇,南京,常務委員,SEM,Senior Executive Management,1939,10,1939,徐誦明,軾游,浙江,新昌,M,54,1891,3,54
N06462,徐造鳳,P25122,Xu Zaofeng,最高法院,刑事第三庭,GOV-C,GOV,NA,NA,江蘇,南京,推事,SCS,Senior Civil Service,1933,7,1933,徐造鳳,仲樓,湖北,孝感,M,62,1883,2,62
N00007,戴傅賢,P25123,Dai Fuxian,國民政府委員會,國民政府委員會,GOV-C,GOV,NA,NA,江蘇,南京,委員,MM,Middle Management,1943,9,1943,戴傅賢,季陶,浙江,吳興,M,55,1890,3,55
N00646,方叔章,P25124,Fang Shuzhang,行政院,行政院,GOV-C,GOV,NA,NA,江蘇,南京,簡任秘書,AOS,Administrative and Office Staff,1932,4,1932,方叔章,NA,湖南,長沙,M,60,1885,2,60
N03460,方治,P25125,Fang Zhi,教育部,訓育委員會,GOV-C,GOV,NA,NA,江蘇,南京,主任委員,MM,Middle Management,1941,10,1941,方治,NA,安徽,桐城,M,51,1894,3,51
N03896,曹暉甫,P25126,Cao Huifu,交通部,總務司,GOV-C,GOV,NA,NA,江蘇,南京,簡任待遇專員,SCS,Senior Civil Service,1943,6,1943,曹暉甫,NA,湖南,長沙,M,49,1896,3,49
N02882,曹樹藩,P25127,Cao Shufan,財政部,貿易委員會,GOV-C,GOV,NA,第一級附屬機關主官及幕僚長,江蘇,南京,秘書,AOS,Administrative and Office Staff,1930,6,1930,曹樹藩,健庭,江西,新建,M,59,1886,3,59
N04506,曾廣欽,P25128,Ceng Guangqin,農林部第一級附屬機關主官及幕僚長,河南伏牛山墾區管理局,GOV-C,GOV,NA,NA,江蘇,南京,局長,MM,Middle Management,1943,7,1943,曾廣欽,NA,河南,經扶,M,58,1887,3,58
N06147,曾彥,P25129,Zeng Yan,立法院,立法院,GOV-C,GOV,NA,NA,江蘇,南京,立法委員,SEM,Senior Executive Management,1941,6,1941,曾彥,其衡,廣西,靖西,M,60,1885,2,60
N00063,曾省三,P25130,Ceng Shengsan,國民政府,國民政府文官處,GOV-C,GOV,NA,NA,江蘇,南京,科長,MM,Middle Management,1942,9,1927,曾省三,楚湘,湖北,應城,M,57,1888,3,57
N06989,曾道,P25131,Ceng Dao,監察院,監察院,GOV-C,GOV,NA,NA,江蘇,南京,監察委員,AOS,Administrative and Office Staff,1933,3,1933,曾道,通一,四川,金堂,M,59,1886,3,59
N01738,曾遜彜,P25132,Zeng Xunyi,財政部,稅務署,GOV-C,GOV,NA,NA,江蘇,南京,稅務督察,AOS,Administrative and Office Staff,1942,7,1942,曾遜彜,NA,江西,吉安,M,49,1896,3,49
N06036,朱劍農,P25133,Zhu Jiannong,地政署,地權處第一科,GOV-C,GOV,NA,NA,江蘇,南京,科長,MM,Middle Management,1944,2,1944,朱劍農,NA,安徽,旌德,M,33,1912,5,33
N06891,朱希祖,P25134,Zhu Xizu,考選委員會,考選委員會,GOV-C,GOV,NA,NA,江蘇,南京,委員,MM,Middle Management,1940,3,1940,朱希祖,逷先,浙江,海鹽,M,65,1880,2,65
N06379,朱幹青,P25135,Zhu Ganqing,最高法院,書記廳,GOV-C,GOV,NA,NA,江蘇,南京,書記官長,SCS,Senior Civil Service,1934,12,1934,朱幹青,NA,湖北,廣濟,M,52,1893,3,52
N06379,朱幹青,P25136,Zhu Ganqing,司法院,會計處,GOV-C,GOV,NA,NA,江蘇,南京,會計長,PTS,Professional and Technical Staff,1934,12,1934,朱幹青,NA,湖北,廣濟,M,52,1893,3,52
N01072,朱慶儒,P25137,Zhu Qingru,外交部,外交部亞東司,GOV-C,GOV,NA,NA,江蘇,南京,專員,SCS,Senior Civil Service,1940,5,1940,朱慶儒,NA,吉林,寧安,M,38,1907,5,38
N01062,朱若華,P25138,Zhu Ruohua,外交部,外交部亞東司,GOV-C,GOV,NA,NA,江蘇,南京,科員,AOS,Administrative and Office Staff,1941,12,1941,朱若華,NA,四川,宜賓,F,30,1915,5,30
N06034,朱章寶,P25139,Zhu Zhangbao,地政署,地權處,GOV-C,GOV,NA,NA,江蘇,南京,處長,MM,Middle Management,1943,6,1943,朱章寶,隱青,浙江,金華,M,54,1891,3,54
N02006,朱鴻基,P25140,Zhu Hongji,財政部,錢幣司,GOV-C,GOV,NA,NA,江蘇,南京,稽核,AOS,Administrative and Office Staff,1943,4,1943,朱鴻基,子固,浙江,NA,M,56,1889,3,56
N06597,李丹亭,P25141,Li Danting,行政法院,書記廳,GOV-C,GOV,NA,NA,江蘇,南京,主任,MM,Middle Management,1943,7,1943,李丹亭,NA,湖北,石首,M,48,1897,4,48
N05630,李乾,P25142,Li Qian,振濟委員會,振濟委員會第三處,GOV-C,GOV,NA,NA,江蘇,南京,科員,AOS,Administrative and Office Staff,1944,2,1944,李乾,泗濱,安徽,壽縣,M,32,1913,5,32
N07257,李佩珠,P25143,Li Peizhu,審計部,人事室,GOV-C,GOV,NA,NA,江蘇,南京,主任科員,AOS,Administrative and Office Staff,1944,3,1944,李佩珠,NA,廣東,番禺,F,35,1910,5,35
N06184,李元白,P25144,Li Yuanbai,立法院,秘書室,GOV-C,GOV,NA,NA,江蘇,南京,簡任秘書,AOS,Administrative and Office Staff,1928,12,1928,李元白,NA,四川,成都,M,57,1888,3,57
N04492,李兆煇,P25145,Li Zhaohui,農林部第一級附屬機關主官及幕僚長,陪都增殖漁產臨時辦事處,GOV-C,GOV,NA,NA,江蘇,南京,主任,MM,Middle Management,1943,9,1943,李兆煇,NA,福建,長汀,M,37,1908,5,37
N04780,李卓之,P25146,Li Zhuozhi,社會部,勞動局,GOV-C,GOV,NA,NA,江蘇,南京,科長,MM,Middle Management,1942,12,1942,李卓之,NA,四川,開縣,M,35,1910,5,35
N07271,李卓才,P25147,Li Zhuocai,審計部,駐資源委員會,GOV-C,GOV,NA,NA,江蘇,南京,稽查,AOS,Administrative and Office Staff,1941,2,1941,李卓才,NA,廣東,台山,M,49,1896,3,49
N01027,李士珍,P25148,Li Shizhen,內政部,中央警官學校,GOV-C,GOV,NA,NA,江蘇,南京,教育長,MM,Middle Management,1936,9,1936,李士珍,夢周,浙江,甯海,M,48,1897,4,48
N01986,李家瀚,P25149,Li Jiahan,財政部,錢幣司,GOV-C,GOV,NA,NA,江蘇,南京,專員,SCS,Senior Civil Service,1942,8,1942,李家瀚,乾北,江西,九江,M,51,1894,3,51
N02945,李崇典,P25150,Li Chongdian,經濟部,經濟部,GOV-C,GOV,NA,NA,江蘇,南京,技正,PTS,Professional and Technical Staff,1938,1,1938,李崇典,光崙,四川,仁壽,M,57,1888,3,57
N07121,李崇實,P25151,Li Chongshi,審計部,審計部,GOV-C,GOV,NA,NA,江蘇,南京,常務次長,NL,National Leadership,1942,6,1942,李崇實,伯純,陝西,藍田,M,48,1897,4,48
N03061,李文斌,P25152,Li Wenbin,經濟部,商業司,GOV-C,GOV,NA,NA,江蘇,南京,科長,MM,Middle Management,1938,1,1938,李文斌,春坪,江蘇,南京,M,41,1904,4,41
N00020,李文範,P25153,Li Wenfan,國民政府委員會,國民政府委員會,GOV-C,GOV,NA,NA,江蘇,南京,委員,MM,Middle Management,1934,2,1934,李文範,君佩,廣東,南海,M,61,1884,2,61
N00020,李文範,P25154,Li Wenfan,國民政府,國民政府政務官懲戒委員會,GOV-C,GOV,NA,NA,江蘇,南京,委員,MM,Middle Management,1934,2,1934,李文範,君佩,廣東,南海,M,61,1884,2,61
N06431,李昀,P25155,Li Yun,最高法院,民事第四庭,GOV-C,GOV,NA,NA,江蘇,南京,庭長,SCS,Senior Civil Service,1942,5,1942,李昀,君辨,廣西,蒼梧,M,59,1886,3,59
N07108,李根源,P25156,Li Genyuan,監察院第一級附屬機關主官及幕僚長,雲南貴州監察區,GOV-A,GOV,NA,NA,雲南,不明,監察使,AOS,Administrative and Office Staff,1942,3,1942,李根源,印泉,雲南,騰衝,M,65,1880,2,65
N00019,李烈鈞,P25157,Li Liejun,國民政府委員會,國民政府委員會,GOV-C,GOV,NA,NA,江蘇,南京,委員,MM,Middle Management,1932,1,1932,李烈鈞,協和,江西,武甯,M,63,1882,2,63
N05145,李盛鳴,P25158,Li Shengming,司法行政部,秘書處,GOV-C,GOV,NA,NA,江蘇,南京,秘書,AOS,Administrative and Office Staff,1934,12,1934,李盛鳴,子謙,湖北,蘄春,M,56,1889,3,56
N06592,李立俠,P25159,Li Lixia,行政法院,行政法院第二庭,GOV-C,GOV,NA,NA,江蘇,南京,評事,AOS,Administrative and Office Staff,1943,5,1943,李立俠,NA,湖北,宜城,M,34,1911,5,34
N03140,李邦龢,P25160,Li Banghe,經濟部,企業司,GOV-C,GOV,NA,NA,江蘇,南京,主任,MM,Middle Management,1938,7,1938,李邦龢,NA,江蘇,吳江,M,45,1900,4,45
N04500,杜竹銘,P25161,Du Zhuming,農林部第一級附屬機關主官及幕僚長,甘肅河西屯墾實驗管理局,GOV-A,GOV,NA,NA,不明,不明,局長,MM,Middle Management,1942,7,1942,杜竹銘,NA,山東,即墨,M,36,1909,5,36
N05606,林嘯谷,P25162,Lin Xiaogu,振濟委員會,振濟委員會,GOV-C,GOV,NA,NA,江蘇,南京,簡任待遇秘書,AOS,Administrative and Office Staff,1938,9,1938,林嘯谷,NA,安徽,至德,M,34,1911,5,34
N01060,林定平,P25163,Lin Dingping,外交部,外交部亞東司,GOV-C,GOV,NA,NA,江蘇,南京,簡任待遇科長,MM,Middle Management,1940,3,1940,林定平,宇安,湖南,石門,M,46,1899,4,46
N05349,林炳勳,P25164,Lin Bingxun,司法行政部第一級附屬機關主官及幕僚長,福建高等法院,GOV-A,GOV,NA,NA,福建,不明,首席檢察官,PTS,Professional and Technical Staff,1937,9,1937,林炳勳,仲立,福建,閩侯,M,65,1880,2,65
N06418,林祖繩,P25165,Lin Zusheng,最高法院,民事第一庭,GOV-C,GOV,NA,NA,江蘇,南京,推事,SCS,Senior Civil Service,1932,5,1932,林祖繩,希周,福建,閩侯,M,57,1888,3,57
N04279,林祜光,P25166,Lin Huguang,農林部,技術處,GOV-C,GOV,NA,NA,江蘇,南京,技正,PTS,Professional and Technical Staff,1940,8,1940,林祜光,倜生,福建,閩侯,M,55,1890,3,55
N06883,梁子青,P25167,Liang Ziqing,銓敘部第一級附屬機關主官及幕僚長,豫陝冀晉魯皖銓敍處,GOV-A,GOV,NA,NA,不明,不明,處長,MM,Middle Management,1940,7,1940,梁子青,NA,河北,行唐,M,42,1903,4,42
N06413,梅光羲,P25168,Mei Guangxi,司法院,法規研究委員會,GOV-C,GOV,NA,NA,江蘇,南京,委員,MM,Middle Management,1944,3,1944,梅光羲,擷芸,江西,南昌,M,66,1879,2,66
N01384,楊中一,P25169,Yang Zhongyi,財政部,國庫署,GOV-C,GOV,NA,NA,江蘇,南京,稽核,AOS,Administrative and Office Staff,1943,2,1943,楊中一,NA,安徽,舒城,M,32,1913,5,32
N06515,楊井畊,P25170,Yang Jinggeng,最高法院,書記廳,GOV-C,GOV,NA,NA,江蘇,南京,科長,MM,Middle Management,1932,8,1932,楊井畊,伯穎,浙江,鎮海,M,47,1898,4,47
N07330,楊劭清,P25171,Yang Shaoqing,審計部,陝甘區巡迴審計室,GOV-A,GOV,NA,NA,不明,不明,科員,AOS,Administrative and Office Staff,1944,2,1944,楊劭清,NA,江蘇,鹽城,M,39,1906,4,39
N00892,楊君勱,P25172,Yang Junmai,內政部,內政部民政司,GOV-C,GOV,NA,NA,江蘇,南京,司長,MM,Middle Management,1942,6,1942,楊君勱,NA,山東,肥城,M,43,1902,4,43
N07236,楊宜湛,P25173,Yang Yizhan,審計部,總務處,GOV-C,GOV,NA,NA,江蘇,南京,主任,MM,Middle Management,1932,8,1932,楊宜湛,慧湛,四川,渠縣,M,58,1887,3,58
N05729,楊志春,P25174,Yang Zhichun,行政院水利委員會,行政院水利委員會,GOV-C,GOV,NA,NA,江蘇,南京,委員,MM,Middle Management,1943,3,1943,楊志春,霽邨,浙江,奉化,M,55,1890,3,55
N07196,楊憲生,P25175,Yang Xiansheng,審計部,審計部第三廳,GOV-C,GOV,NA,NA,江蘇,南京,主任,MM,Middle Management,1941,10,1941,楊憲生,章五,河南,偃師,M,38,1907,5,38
N00180,楊汝梅,P25176,Yang Rumei,國民政府,國民政府主計處,GOV-C,GOV,NA,NA,江蘇,南京,局長,MM,Middle Management,1931,4,1931,楊汝梅,予戒,湖北,隨縣,M,60,1885,2,60
N05337,楊浩,P25177,Yang Hao,司法行政部第一級附屬機關主官及幕僚長,湖南高等法院,GOV-A,GOV,NA,NA,湖南,不明,書記官長,SCS,Senior Civil Service,1936,2,1936,楊浩,子延,湖南,長沙,M,53,1892,3,53
N06585,楊玉清,P25178,Yang Yuqing,行政法院,行政法院第一庭,GOV-C,GOV,NA,NA,江蘇,南京,評事,AOS,Administrative and Office Staff,1943,5,1943,楊玉清,NA,湖北,孝感,M,38,1907,5,38
N06750,楊祖詒,P25179,Yang Zudai,考試院,法規委員會,GOV-C,GOV,NA,NA,江蘇,南京,秘書,AOS,Administrative and Office Staff,1943,8,1943,楊祖詒,NA,江西,寧岡,M,45,1900,4,45
N07368,楊祥蔭,P25180,Yang Xiangyin,審計部第一級附屬機關主官及幕僚長,甘肅審計處,GOV-A,GOV,NA,NA,甘肅,蘭州,處長,MM,Middle Management,1941,1,1941,楊祥蔭,勵三,陝西,長安,M,49,1896,3,49
N06405,楊纓甫,P25181,Yang Yingfu,司法院,法規研究委員會,GOV-C,GOV,NA,NA,江蘇,南京,委員,MM,Middle Management,1941,3,1941,楊纓甫,NA,湖南,瀏陽,M,48,1897,4,48
N01067,楊覺勇,P25182,Yang Jiaoyong,外交部,外交部亞東司,GOV-C,GOV,NA,NA,江蘇,南京,科員,AOS,Administrative and Office Staff,1943,2,1943,楊覺勇,舉庸,河北,清苑,M,24,1921,6,24
N00897,楊際唐,P25183,Yang Jitang,內政部,內政部民政司,GOV-C,GOV,NA,NA,江蘇,南京,科員,AOS,Administrative and Office Staff,1942,1,1942,楊際唐,NA,貴州,劍河,M,49,1896,3,49
N01059,楊雲竹,P25184,Yang Yunzhu,外交部,外交部亞東司,GOV-C,GOV,NA,NA,江蘇,南京,司長,MM,Middle Management,1940,3,1940,楊雲竹,NA,河北,蠡縣,M,44,1901,4,44
N00854,楊鴻春,P25185,Yang Hongchun,內政部,內政部第四組,GOV-C,GOV,NA,NA,江蘇,南京,秘書,AOS,Administrative and Office Staff,1942,12,1942,楊鴻春,晴洲,雲南,大理,M,53,1892,3,53
N06782,歐陽瑞驊,P25186,Ouyang Ruihua,銓敘部,總務司,GOV-C,GOV,NA,NA,江蘇,南京,薦待科員,AOS,Administrative and Office Staff,1935,8,1935,歐陽瑞驊,季香,湖北,沔陽,M,60,1885,2,60
N05422,武和軒,P25187,Wu Hexuan,蒙藏委員會,蒙藏委員會,GOV-C,GOV,NA,NA,江蘇,南京,參事,EM,Executive Management,1934,4,1934,武和軒,NA,山西,文水,M,43,1902,4,43
N01608,段幹華,P25188,Duan Ganhua,財政部,直接稅署,GOV-C,GOV,NA,NA,江蘇,南京,督察,AOS,Administrative and Office Staff,1942,5,1942,段幹華,NA,安徽,合肥,M,44,1901,4,44
N01068,段為,P25189,Duan Wei,外交部,外交部亞東司,GOV-C,GOV,NA,NA,江蘇,南京,科員,AOS,Administrative and Office Staff,1944,3,1944,段為,NA,遼寧,遼縣,M,24,1921,6,24
N07332,汪以文,P25190,Wang Yiwen,審計部,駐中國交通農民銀行審計室,GOV-C,GOV,NA,NA,江蘇,南京,稽查,AOS,Administrative and Office Staff,1943,1,1943,汪以文,NA,湖南,益陽,M,47,1898,4,47
N07126,汪康培,P25191,Wang Kangpei,審計部,審計部,GOV-C,GOV,NA,NA,江蘇,南京,審計,AOS,Administrative and Office Staff,1942,1,1942,汪康培,子和,安徽,婺源,M,51,1894,3,51
N03600,汪東,P25192,Wang Dong,教育部,國立禮樂館,GOV-C,GOV,NA,第一級附屬機關主官及幕僚長,江蘇,南京,館長,MM,Middle Management,1938,10,1938,汪東,旭初,江蘇,吳縣,M,55,1890,3,55
N03600,汪東,P25193,Wang Dong,監察院,監察院,GOV-C,GOV,NA,NA,江蘇,南京,監察委員,AOS,Administrative and Office Staff,1938,10,1938,汪東,旭初,江蘇,吳縣,M,55,1890,3,55
N01759,沈亞清,P25194,Shen Yaqing,財政部,稅務署,GOV-C,GOV,NA,NA,江蘇,南京,調查員,AOS,Administrative and Office Staff,1942,3,1942,沈亞清,仲實,安徽,六安,M,39,1906,4,39
N04437,沈伯倫,P25195,Shen Bolun,農林部,醫務所,GOV-C,GOV,NA,NA,江蘇,南京,主任,MM,Middle Management,1942,6,1942,沈伯倫,NA,江蘇,崑山,M,37,1908,5,37
N04129,沈祖衡,P25196,Shen Zuheng,交通部,秘書室,GOV-C,GOV,NA,NA,江蘇,南京,秘書,AOS,Administrative and Office Staff,1943,4,1943,沈祖衡,權吾,浙江,海鹽,M,47,1898,4,47
N04129,沈祖衡,P25197,Shen Zuheng,交通部,秘書室,GOV-C,GOV,NA,NA,江蘇,南京,副組長,MM,Middle Management,1943,4,1943,沈祖衡,權吾,浙江,海鹽,M,47,1898,4,47
N00157,沈維鏗,P25198,Shen Weikeng,國民政府,國民政府參軍處,GOV-C,GOV,NA,NA,江蘇,南京,科長,MM,Middle Management,1942,3,1942,沈維鏗,NA,福建,閩侯,M,52,1893,3,52
N02595,沈開運,P25199,Shen Kaixian,財政部,總務司,GOV-C,GOV,NA,NA,江蘇,南京,股長,AOS,Administrative and Office Staff,1942,1,1942,沈開運,NA,浙江,慈谿,M,38,1907,5,38
N06249,沈陳善,P25200,Shen Chenshan,立法院,編譯處,GOV-C,GOV,NA,NA,江蘇,南京,編修,AOS,Administrative and Office Staff,1942,9,1942,沈陳善,維伯,浙江,吳興,M,59,1886,3,59
N02827,沈鴻烈,P25201,Shen Honglie,財政部,公債司核銷債券處公債籌募委員會,GOV-C,GOV,NA,NA,江蘇,南京,委員,MM,Middle Management,1942,NA,1942,沈鴻烈,成章,湖北,天門,M,63,1882,2,63
N02827,沈鴻烈,P25202,Shen Honglie,行政院水利委員會,行政院水利委員會,GOV-C,GOV,NA,NA,江蘇,南京,當然委員,MM,Middle Management,1941,9,1941,沈鴻烈,成章,湖北,天門,M,63,1882,2,63
N02827,沈鴻烈,P25203,Shen Honglie,農林部,農林部,GOV-C,GOV,NA,NA,江蘇,南京,部長,NL,National Leadership,1941,9,1941,沈鴻烈,成章,湖北,天門,M,63,1882,2,63
N01980,淩惕淵,P25204,Ling Tiyuan,財政部,錢幣司,GOV-C,GOV,NA,NA,江蘇,南京,幫辦,AOS,Administrative and Office Staff,1935,NA,1935,淩惕淵,幼賡,四川,成都,M,48,1897,4,48
N02996,湯建中,P25205,Shang Jianzhong,經濟部,商業司,GOV-C,GOV,NA,NA,江蘇,南京,專員,SCS,Senior Civil Service,1940,9,1940,湯建中,NA,浙江,紹興,M,56,1889,3,56
N07367,湯志先,P25206,Shang Zhixian,審計部第一級附屬機關主官及幕僚長,安徽審計處,GOV-A,GOV,NA,NA,安徽,合肥,處長,MM,Middle Management,1939,NA,1939,湯志先,直軒,安徽,宣城,M,46,1899,4,46
N03152,湯鶴逸,P25207,Shang Heyi,經濟部,公礦調整處,GOV-C,GOV,NA,第一級附屬機關主官及幕僚長,江蘇,南京,主任秘書,SCS,Senior Civil Service,1941,7,1941,湯鶴逸,NA,胡南,長沙,M,44,1901,4,44
N07065,漆運鈞,P25208,Qi Yunjun,監察院,文書科,GOV-C,GOV,NA,NA,江蘇,南京,科長,MM,Middle Management,1942,6,1942,漆運鈞,鑄城,貴州,貴筑,M,66,1879,2,66
N06584,潘培敏,P25209,Pan Peimin,行政法院,行政法院第一庭,GOV-C,GOV,NA,NA,江蘇,南京,評事,AOS,Administrative and Office Staff,1943,5,1943,潘培敏,薰南,湖南,醴陵,M,52,1893,3,52
N02948,熊傅飛,P25210,Xiong Fufei,經濟部,經濟部,GOV-C,GOV,NA,NA,江蘇,南京,技正,PTS,Professional and Technical Staff,1938,6,1938,熊傅飛,嘯南,江蘇,江寧,M,57,1888,3,57
N00017,熊克武,P25211,Xiong Kewu,國民政府委員會,國民政府委員會,GOV-C,GOV,NA,NA,江蘇,南京,委員,MM,Middle Management,1941,10,1941,熊克武,錦帆,四川,井研,M,59,1886,3,59
N04757,燕永治,P25212,Yan Yongzhi,社會部,勞動局,GOV-C,GOV,NA,NA,江蘇,南京,科長,MM,Middle Management,1943,1,1943,燕永治,文若,湖北,黃陂,M,36,1909,5,36
N05235,牟家夔,P25213,Mou Jiakui,司法行政部,刑事司,GOV-C,GOV,NA,NA,江蘇,南京,科員,AOS,Administrative and Office Staff,1932,12,1932,牟家夔,栗齋,山東,日照,M,61,1884,2,61
N00021,王伯羣,P25214,Wang Boqun,國民政府,國民政府國史館籌備委員會,GOV-C,GOV,NA,NA,江蘇,南京,委員,MM,Middle Management,1932,1,1932,王伯羣,NA,貴州,興義,M,58,1887,3,58
N00021,王伯羣,P25215,Wang Boqun,國民政府委員會,國民政府委員會,GOV-C,GOV,NA,NA,江蘇,南京,委員,MM,Middle Management,1932,1,1932,王伯羣,NA,貴州,興義,M,58,1887,3,58
N05242,王元增,P25216,Wang Yuanzeng,司法行政部,監獄司,GOV-C,GOV,NA,NA,江蘇,南京,司長,MM,Middle Management,1932,1,1932,王元增,新之,江蘇,嘉定,M,65,1880,2,65
N04806,王克,P25217,Wang Ke,社會部第一級附屬機關主官及幕僚表,重慶社會服務處,GOV-C,GOV,NA,NA,江蘇,南京,主任,MM,Middle Management,1940,5,1940,王克,紹箕,江蘇,宜興,M,36,1909,5,36
N06160,王培仁,P25218,Wang Peiren,立法院,立法院,GOV-C,GOV,NA,NA,江蘇,南京,立法委員,SEM,Senior Executive Management,1942,3,1942,王培仁,NA,安徽,六安,M,45,1900,4,45
N01292,王家楨,P25219,Wang Jiazhen,外交部,專員協辦處,GOV-C,GOV,NA,NA,江蘇,南京,顧問,PTS,Professional and Technical Staff,1942,8,1942,王家楨,樹人,吉林,雙城,M,47,1898,4,47
N06983,王平政,P25220,Wang Pingzheng,監察院,監察院,GOV-C,GOV,NA,NA,江蘇,南京,監察委員,AOS,Administrative and Office Staff,1931,2,1931,王平政,德卿,山西,解縣,M,65,1880,2,65
N05169,王建今,P25221,Wang Jianjin,司法行政部,參事處,GOV-C,GOV,NA,NA,江蘇,南京,專員,SCS,Senior Civil Service,1937,2,1937,王建今,NA,江蘇,鹽城,M,39,1906,4,39
N06722,王惠中,P25222,Wang Huizhong,考試院,法規委員會,GOV-C,GOV,NA,NA,江蘇,南京,當然委員,MM,Middle Management,1942,3,1942,王惠中,NA,貴州,沿河,M,42,1903,4,42
N06722,王惠中,P25223,Wang Huizhong,銓敘部,秘書室,GOV-C,GOV,NA,NA,江蘇,南京,參事,EM,Executive Management,1942,3,1942,王惠中,NA,貴州,沿河,M,42,1903,4,42
N04812,王振九,P25224,Wang Zhenjiu,社會部第一級附屬機關主官及幕僚表,蘭州社會服務處,GOV-C,GOV,NA,NA,江蘇,南京,主任,MM,Middle Management,1943,5,1943,王振九,NA,安徽,NA,M,40,1905,4,40
N06581,王淮琛,P25225,Wang Huaichen,行政法院,行政法院第一庭,GOV-C,GOV,NA,NA,江蘇,南京,庭長,SCS,Senior Civil Service,1933,8,1933,王淮琛,厚齋,安徽,六安,M,62,1883,2,62
N00131,王烈,P25226,Wang Lie,國民政府,國民政府參軍處,GOV-C,GOV,NA,NA,江蘇,南京,參軍,SCS,Senior Civil Service,1943,12,1943,王烈,軼群,浙江,杭縣,M,54,1891,3,54
N00131,王烈,P25227,Wang Lie,教育部,訓育委員會,GOV-C,GOV,NA,NA,江蘇,南京,主任,MM,Middle Management,1943,12,1943,王烈,軼群,浙江,杭縣,M,54,1891,3,54
N07109,王燦,P25228,Wang Can,監察院第一級附屬機關主官及幕僚長,雲南貴州監察區,GOV-A,GOV,NA,NA,雲南,不明,主任秘書,SCS,Senior Civil Service,1942,3,1942,王燦,惕山,雲南,昆明,M,63,1882,2,63
N06400,王用賓,P25229,Wang Yongbin,中央公務員懲戒委員會,中央公務員懲戒委員會,GOV-C,GOV,NA,NA,江蘇,南京,委員長,SCS,Senior Civil Service,1938,1,1938,王用賓,太蕤,山西,猗氏,M,63,1882,2,63
N06400,王用賓,P25230,Wang Yongbin,司法院,法規研究委員會,GOV-C,GOV,NA,NA,江蘇,南京,副委員長,EM,Executive Management,1938,1,1938,王用賓,太蕤,山西,猗氏,M,63,1882,2,63
N07117,王籍田,P25231,Wang Jitian,監察院第一級附屬機關主官及幕僚長,新疆監察區,GOV-C,GOV,NA,NA,江蘇,南京,副監察使,AOS,Administrative and Office Staff,1943,4,1943,王籍田,健齋,陝西,NA,M,49,1896,3,49
N06582,王芝庭,P25232,Wang Zhiting,行政法院,行政法院第一庭,GOV-C,GOV,NA,NA,江蘇,南京,評事,AOS,Administrative and Office Staff,1933,8,1933,王芝庭,NA,陝西,鄠縣,M,61,1884,2,61
N03694,王輔宜,P25233,Wang Fuyi,交通部,交通部第四組,GOV-C,GOV,NA,NA,江蘇,南京,參事,EM,Executive Management,1930,1,1930,王輔宜,NA,江西,東鄉,M,60,1885,2,60
N04552,王開元,P25234,Wang Kaiyuan,社會部,總務司第一科,GOV-C,GOV,NA,NA,江蘇,南京,科長,MM,Middle Management,1943,5,1943,王開元,逋仙,福建,閩侯,M,44,1901,4,44
N05796,王鶴亭,P25235,Wang Heting,行政院水利委員會,工務處,GOV-C,GOV,NA,NA,江蘇,南京,技正,PTS,Professional and Technical Staff,1942,12,1942,王鶴亭,NA,江蘇,江陰,M,34,1911,5,34
N06364,王齡希,P25236,Wang Lingxi,司法院,參事處,GOV-C,GOV,NA,NA,江蘇,南京,參事,EM,Executive Management,1932,1,1932,王齡希,NA,湖北,黃岡,M,54,1891,3,54
N06364,王齡希,P25237,Wang Lingxi,司法院,編譯處,GOV-C,GOV,NA,NA,江蘇,南京,編譯主任,PTS,Professional and Technical Staff,1932,1,1932,王齡希,NA,湖北,黃岡,M,54,1891,3,54
N06606,畢鼎琛,P25238,Bi Dingchen,中央公務員懲戒委員會,中央公務員懲戒委員會,GOV-C,GOV,NA,NA,江蘇,南京,委員,MM,Middle Management,1932,6,1932,畢鼎琛,體珍,湖北,浠水,M,66,1879,2,66
N07009,白鵬飛,P25239,Bai Pengfei,監察院,監察院,GOV-C,GOV,NA,NA,江蘇,南京,監察委員,AOS,Administrative and Office Staff,1940,6,1940,白鵬飛,經天,廣西,桂林,M,53,1892,3,53
N01189,矯漢治,P25240,Jiao Hanzhi,外交部,情報司資料組,GOV-C,GOV,NA,NA,江蘇,南京,科員,AOS,Administrative and Office Staff,1942,6,1942,矯漢治,NA,山東,牟平,M,34,1911,5,34
N04343,石樺,P25241,Shi Hua,農林部,農村經濟司,GOV-C,GOV,NA,NA,江蘇,南京,科長,MM,Middle Management,1943,3,1943,石樺,堅伯,江蘇,上海,M,35,1910,5,35
N00238,祝撰望,P25242,Zhu Zhuanwang,國民政府,國民政府主計處,GOV-C,GOV,NA,NA,江蘇,南京,科員,AOS,Administrative and Office Staff,1934,4,1934,祝撰望,笏山,河南,固始,M,66,1879,2,66
N00921,萬耀南,P25243,Wan Yaonan,內政部,內政部警政司,GOV-C,GOV,NA,NA,江蘇,南京,編審,AOS,Administrative and Office Staff,1942,7,1942,萬耀南,竹如,江西,新建,M,37,1908,5,37
N05140,程懋型,P25244,Cheng Maoxing,糧食部第一級附屬機關主官及幕僚長,四川民食第二供應處,GOV-C,GOV,NA,NA,江蘇,南京,處長,MM,Middle Management,1943,11,1943,程懋型,儀仲,江西,新建,M,48,1897,4,48
N07039,程祖劭,P25245,Cheng Zushao,監察院,監察院,GOV-C,GOV,NA,NA,江蘇,南京,秘書,AOS,Administrative and Office Staff,1933,7,1933,程祖劭,堅白,江蘇,武進,M,45,1900,4,45
N06409,管曙東,P25246,Guan Shudong,司法院,法規研究委員會,GOV-C,GOV,NA,NA,江蘇,南京,委員,MM,Middle Management,1942,10,1942,管曙東,NA,安徽,壽縣,M,60,1885,2,60
N04882,簡泰梁,P25247,Jian Tailiang,糧食部,秘書處,GOV-C,GOV,NA,NA,江蘇,南京,專門委員,AOS,Administrative and Office Staff,1942,7,1942,簡泰梁,NA,四川,富順,M,36,1909,5,36
N02098,羅述禕,P25248,Luo Shuyi,財政部,鹽政司,GOV-C,GOV,NA,NA,江蘇,南京,司長,MM,Middle Management,1943,11,1928,羅述禕,厚甫,廣東,NA,M,58,1887,3,58
N06096,羅鼎,P25249,Luo Ding,立法院,立法院,GOV-C,GOV,NA,NA,江蘇,南京,立法委員,SEM,Senior Executive Management,1928,12,1928,羅鼎,重民,湖南,攸縣,M,57,1888,3,57
N06553,翁敬棠,P25250,Weng Jingtang,最高法院,浙贛閩分庭,GOV-A,GOV,NA,NA,福建,永安,庭長,SCS,Senior Civil Service,1932,1,1932,翁敬棠,劍洲,福建,閩侯,M,58,1887,3,58
N03718,胡升鴻,P25251,Hu Shenghong,交通部,交通部第四組,GOV-C,GOV,NA,NA,江蘇,南京,技正,PTS,Professional and Technical Staff,1942,9,1942,胡升鴻,漸逵,浙江,建德,M,63,1882,2,63
N07128,胡希瑗,P25252,Hu Xiyuan,審計部,審計部,GOV-C,GOV,NA,NA,江蘇,南京,審計,AOS,Administrative and Office Staff,1942,1,1942,胡希瑗,遽然,陝西,寧強,M,54,1891,3,54
N00025,胡毅生,P25253,Hu Yisheng,國民政府,國民政府國史館籌備委員會,GOV-C,GOV,NA,NA,江蘇,南京,委員,MM,Middle Management,1939,9,1939,胡毅生,隋齋,廣東,番禺,M,62,1883,2,62
N00025,胡毅生,P25254,Hu Yisheng,國民政府委員會,國民政府委員會,GOV-C,GOV,NA,NA,江蘇,南京,委員,MM,Middle Management,1940,2,1940,胡毅生,隋齋,廣東,番禺,M,62,1883,2,62
N05602,胡邁,P25255,Hu Mai,振濟委員會,振濟委員會,GOV-C,GOV,NA,NA,江蘇,南京,首席參事,MM,Middle Management,1941,1,1941,胡邁,仲紓,江蘇,丹陽,M,38,1907,5,38
N06403,范叔衡,P25256,Fan Shuheng,司法院,法規研究委員會,GOV-C,GOV,NA,NA,江蘇,南京,委員,MM,Middle Management,1939,2,1939,范叔衡,鴻鈞,湖北,武昌,M,55,1890,3,55
N06648,范揚,P25257,Fan Yang,考試院,法規委員會,GOV-C,GOV,NA,NA,江蘇,南京,當然委員,MM,Middle Management,1942,5,1942,范揚,青江,浙江,金華,M,44,1901,4,44
N06648,范揚,P25258,Fan Yang,考試院,考試院,GOV-C,GOV,NA,NA,江蘇,南京,參事,EM,Executive Management,1942,3,1942,范揚,青江,浙江,金華,M,44,1901,4,44
N06328,茅祖權,P25259,Mao Zuquan,司法院,司法院,GOV-C,GOV,NA,NA,江蘇,南京,秘書長,SCS,Senior Civil Service,1943,4,1943,茅祖權,詠薰,江蘇,海門,M,61,1884,2,61
N01078,葉啟仁,P25260,Ye Qiren,外交部,外交部亞東司,GOV-C,GOV,NA,NA,江蘇,南京,科員,AOS,Administrative and Office Staff,1941,9,1941,葉啟仁,NA,廣東,梅縣,M,38,1907,5,38
N00176,葛鵬,P25261,Ge Peng,國民政府,國民政府參軍處,GOV-C,GOV,NA,NA,江蘇,南京,會計主任,PTS,Professional and Technical Staff,1939,7,1939,葛鵬,星五,江蘇,嘉定,M,61,1884,2,61
N01045,董季安,P25262,Dong Jian,外交部,外交部駐川康特派員公署,GOV-C,GOV,NA,NA,江蘇,南京,科長,MM,Middle Management,1938,1,1938,董季安,NA,四川,重慶,M,46,1899,4,46
N03085,董贊堯,P25263,Dong Zanyao,經濟部,企業司,GOV-C,GOV,NA,NA,江蘇,南京,科長,MM,Middle Management,1938,1,1938,董贊堯,NA,江蘇,高郵,M,42,1903,4,42
N07350,蔡屏藩,P25264,Cai Pingfan,審計部第一級附屬機關主官及幕僚長,陝西審計處,GOV-A,GOV,NA,NA,陝西,不明,處長,MM,Middle Management,1938,4,1938,蔡屏藩,疆澄,陝西,渭南,M,52,1893,3,52
N06098,蔡瑄,P25265,Cai Xuan,立法院,立法院,GOV-C,GOV,NA,NA,江蘇,南京,立法委員,SEM,Senior Executive Management,1928,12,1928,蔡瑄,心權,福建,莆田,M,65,1880,2,65
N06995,蔡自聲,P25266,Cai Zisheng,監察院,監察院,GOV-C,GOV,NA,NA,江蘇,南京,監察委員,AOS,Administrative and Office Staff,1937,2,1937,蔡自聲,NA,山東,高密,M,56,1889,3,56
N00001,蔣中正,P25267,Jiang Zhongzheng,內政部,中央警官學校,GOV-C,GOV,NA,NA,江蘇,南京,校長,EM,Executive Management,1939,12,1939,蔣中正,介石,浙江,奉化,M,58,1887,3,58
N00001,蔣中正,P25268,Jiang Zhongzheng,國民政府委員會,國民政府委員會,GOV-C,GOV,NA,NA,江蘇,南京,主席,EM,Executive Management,1939,12,1939,蔣中正,介石,浙江,奉化,M,58,1887,3,58
N00001,蔣中正,P25269,Jiang Zhongzheng,行政院水利委員會,導淮委員會,GOV-C,GOV,NA,NA,江蘇,南京,委員長,SCS,Senior Civil Service,1939,12,1939,蔣中正,介石,浙江,奉化,M,58,1887,3,58
N00001,蔣中正,P25270,Jiang Zhongzheng,行政院,行政院,GOV-C,GOV,NA,NA,江蘇,南京,院長,SEM,Senior Executive Management,1939,12,1939,蔣中正,介石,浙江,奉化,M,58,1887,3,58
N02276,蕭兆綱,P25271,Xiao Zhaogang,財政部,總務司,GOV-C,GOV,NA,NA,江蘇,南京,科長,MM,Middle Management,1933,7,1933,蕭兆綱,NA,廣東,NA,M,42,1903,4,42
N07167,薛壤三,P25272,Xue Rangsan,審計部,審計部第二廳,GOV-C,GOV,NA,NA,江蘇,南京,科員,AOS,Administrative and Office Staff,1941,5,1941,薛壤三,NA,廣東,新會,M,31,1914,5,31
N01982,薛溱舲,P25273,Xue Qinling,財政部,錢幣司,GOV-C,GOV,NA,NA,江蘇,南京,專員,SCS,Senior Civil Service,1942,7,1942,薛溱舲,NA,江蘇,無錫,M,45,1900,4,45
N02140,薛登道,P25274,Xue Dengdao,財政部,鹽政司,GOV-C,GOV,NA,NA,江蘇,南京,技正,PTS,Professional and Technical Staff,1933,12,1933,薛登道,達五,山西,稷山,M,62,1883,2,62
N06727,薩孟武,P25275,Sa Mengwu,考試院,法規委員會,GOV-C,GOV,NA,NA,江蘇,南京,委員,MM,Middle Management,1942,4,1942,薩孟武,NA,福建,福州,M,48,1897,4,48
N04426,藍夢九,P25276,Lan Mengjiu,農林部,考核委員會考核組,GOV-C,GOV,NA,NA,江蘇,南京,專門委員,AOS,Administrative and Office Staff,1943,12,1943,藍夢九,孟久,四川,蓬安,M,43,1902,4,43
N00544,蘇步青,P25277,Su Buqing,國立中央研究,數學研究所籌備處,GOV-C,GOV,NA,NA,江蘇,南京,研究員,SCS,Senior Civil Service,1942,3,1942,蘇步青,NA,浙江,平陽,M,43,1902,4,43
N03064,蘇鳳翔,P25278,Su Fengxiang,經濟部,商業司,GOV-C,GOV,NA,NA,江蘇,南京,專員,SCS,Senior Civil Service,1944,1,1944,蘇鳳翔,翼文,湖北,武昌,M,49,1896,3,49
N00006,覃振,P25279,Qin Zhen,司法院,司法院,GOV-C,GOV,NA,NA,江蘇,南京,副院長,EM,Executive Management,1932,12,1932,覃振,理鳴,湖南,桃園,M,57,1888,3,57
N00006,覃振,P25280,Qin Zhen,國民政府委員會,國民政府委員會,GOV-C,GOV,NA,NA,江蘇,南京,委員,MM,Middle Management,1932,12,1932,覃振,理鳴,湖南,桃園,M,57,1888,3,57
N07156,計萬全,P25281,Ji Wanquan,審計部,審計部第二廳,GOV-C,GOV,NA,NA,江蘇,南京,主任,MM,Middle Management,1941,1,1941,計萬全,芷漁,湖北,房縣,M,61,1884,2,61
N06901,許壽裳,P25282,Xu Shoushang,考選委員會,考選委員會,GOV-C,GOV,NA,NA,江蘇,南京,專任專門委員,AOS,Administrative and Office Staff,1941,8,1941,許壽裳,季茀,浙江,紹興,M,61,1884,2,61
N03668,許溯伊,P25283,Xu Suyi,交通部,交通部第一組,GOV-C,GOV,NA,NA,江蘇,南京,研究員,SCS,Senior Civil Service,1941,3,1941,許溯伊,涼園,江蘇,無錫,M,64,1881,2,64
N06434,諸葛魯,P25284,Zhuge Lu,最高法院,民事第四庭,GOV-C,GOV,NA,NA,江蘇,南京,推事,SCS,Senior Civil Service,1942,1,1942,諸葛魯,若愚,浙江,蘭溪,M,54,1891,3,54
N06254,譚平,P25285,Tan Ping,立法院,編譯處,GOV-C,GOV,NA,NA,江蘇,南京,專員,SCS,Senior Civil Service,1944,2,1944,譚平,昭衡,廣東,中山,M,49,1896,3,49
N04124,譚振民,P25286,Tan Zhenmin,交通部,秘書室,GOV-C,GOV,NA,NA,江蘇,南京,副主任,MM,Middle Management,1942,8,1942,譚振民,震明,浙江,黃岩,M,47,1898,4,47
N06710,譚翼珪,P25287,Tan Yigui,考試院,法規委員會,GOV-C,GOV,NA,NA,江蘇,南京,當然委員,MM,Middle Management,1939,5,1939,譚翼珪,靜淵,江蘇,松江,M,59,1886,3,59
N06710,譚翼珪,P25288,Tan Yigui,銓敘部,獎卹司,GOV-C,GOV,NA,NA,江蘇,南京,司長,MM,Middle Management,1939,5,1939,譚翼珪,靜淵,江蘇,松江,M,59,1886,3,59
N07190,譚雲峯,P25289,Tan Yunfeng,審計部,審計部第二廳,GOV-C,GOV,NA,NA,江蘇,南京,協審,AOS,Administrative and Office Staff,1942,11,1942,譚雲峯,一嚴,廣東,台三,M,38,1907,5,38
N04484,谷延麻,P25290,Gu Yanbin,農林部第一級附屬機關主官及幕僚長,海青獸疫防治大隊,GOV-A,GOV,NA,NA,不明,不明,隊長,MM,Middle Management,1943,1,1943,谷延麻,NA,江蘇,淮安,M,46,1899,4,46
N02865,賀俊人,P25291,He Junren,財政部,公債司總務處,GOV-C,GOV,NA,NA,江蘇,南京,組長,MM,Middle Management,1944,3,1944,賀俊人,NA,福建,惠安,M,40,1905,4,40
N05244,賀德勳,P25292,He Dexun,司法行政部,監獄司,GOV-C,GOV,NA,NA,江蘇,南京,科長,MM,Middle Management,1934,11,1934,賀德勳,滌塵,湖北,沔陽,M,53,1892,3,53
N05805,賀維城,P25293,He Weicheng,行政院水利委員會,工務處,GOV-C,GOV,NA,NA,江蘇,南京,技士,PTS,Professional and Technical Staff,1943,1,1943,賀維城,介藩,安徽,宿縣,M,38,1907,5,38
N06123,趙琛,P25294,Zhao Chen,立法院,立法院,GOV-C,GOV,NA,NA,江蘇,南京,立法委員,SEM,Senior Executive Management,1933,1,1933,趙琛,韻逸,浙江,東陽,M,45,1900,4,45
N06775,趙耕安,P25295,Zhao Gengan,銓敘部,秘書室,GOV-C,GOV,NA,NA,江蘇,南京,專員,SCS,Senior Civil Service,1943,11,1943,趙耕安,NA,山西,忻縣,M,35,1910,5,35
N05423,趙錫昌,P25296,Zhao Xichang,蒙藏委員會,蒙藏委員會,GOV-C,GOV,NA,NA,江蘇,南京,參事,EM,Executive Management,1934,3,1934,趙錫昌,NA,雲南,華坪,M,55,1890,3,55
N05170,蹇先榘,P25297,Jian Xianju,司法行政部,參事處,GOV-C,GOV,NA,NA,江蘇,南京,科員,AOS,Administrative and Office Staff,1932,2,1932,蹇先榘,方叔,貴州,遵義,M,61,1884,2,61
N06172,連聲海,P25298,Lian Shenghai,立法院,立法院,GOV-C,GOV,NA,NA,江蘇,南京,立法委員,SEM,Senior Executive Management,1943,3,1943,連聲海,NA,廣東,南海,M,60,1885,2,60
N06410,邱懷瑾,P25299,Qiu Huaijin,司法院,法規研究委員會,GOV-C,GOV,NA,NA,江蘇,南京,委員,MM,Middle Management,1943,4,1943,邱懷瑾,NA,四川,NA,M,47,1898,4,47
N04468,邵均,P25300,Shao Jun,農林部第一級附屬機關主官及幕僚長,農林部,GOV-C,GOV,NA,NA,江蘇,南京,主任,MM,Middle Management,1941,8,1941,邵均,NA,江蘇,宜興,M,41,1904,4,41
N04840,邵本恆,P25301,Shao Benheng,糧食部,糧食部,GOV-C,GOV,NA,NA,江蘇,南京,參事,EM,Executive Management,1942,2,1942,邵本恆,月如,浙江,衢縣,M,48,1897,4,48
N07331,郗昌麒,P25302,Xi Changqi,審計部,駐中國交通農民銀行審計室,GOV-C,GOV,NA,NA,江蘇,南京,審計,AOS,Administrative and Office Staff,1939,4,1939,郗昌麒,石生,陝西,華陰,M,40,1905,4,40
N05332,郗朝俊,P25303,Xi Zhaojun,司法行政部第一級附屬機關主官及幕僚長,湖北高等法院,GOV-A,GOV,NA,NA,湖北,不明,院長,SEM,Senior Executive Management,1936,8,1936,郗朝俊,勵勤,陝西,華陰,M,52,1893,3,52
N02672,郭桓,P25304,Guo Huan,財政部,復員計畫研究組,GOV-C,GOV,NA,NA,江蘇,南京,督導,AOS,Administrative and Office Staff,1941,8,1941,郭桓,干城,遼寧,錦西,M,34,1911,5,34
N06554,郭秀如,P25305,Guo Xiuru,最高法院,浙贛閩分庭,GOV-A,GOV,NA,NA,福建,永安,推事,SCS,Senior Civil Service,1929,4,1929,郭秀如,嘯餘,福建,閩侯,M,57,1888,3,57
N06162,鄒善群,P25306,Zou Shanqun,立法院,立法院,GOV-C,GOV,NA,NA,江蘇,南京,立法委員,SEM,Senior Executive Management,1942,3,1942,鄒善群,NA,廣東,大埔,M,42,1903,4,42
N01693,鄒延年,P25307,Zou Yannian,財政部,關務署,GOV-C,GOV,NA,NA,江蘇,南京,科員,AOS,Administrative and Office Staff,1939,8,1939,鄒延年,道堃,廣東,大埔,M,33,1912,5,33
N00657,鄧介松,P25308,Deng Jiesong,行政院,文書組,GOV-C,GOV,NA,NA,江蘇,南京,主任,MM,Middle Management,1932,5,1932,鄧介松,NA,湖南,湘鄉,M,52,1893,3,52
N05370,鄧哲熙,P25309,Deng Zhexi,司法行政部第一級附屬機關主官及幕僚長,河北高等法院,GOV-C,GOV,NA,NA,江蘇,南京,院長,SEM,Senior Executive Management,1937,6,1937,鄧哲熙,仲知,河北,大城,M,48,1897,4,48
N00861,鄧鴻藩,P25310,Deng Hongfan,內政部,內政部第四組,GOV-C,GOV,NA,NA,江蘇,南京,參事,EM,Executive Management,1942,2,1942,鄧鴻藩,屏洲,雲南,鹽津,M,41,1904,4,41
N01069,鄭壽恩,P25311,Zheng Shouen,外交部,外交部亞東司,GOV-C,GOV,NA,NA,江蘇,南京,領事,MM,Middle Management,1942,5,1942,鄭壽恩,叔平,廣東,中山,M,45,1900,4,45
N04839,鄭延卓,P25312,Zheng Yanzhuo,糧食部,糧食部,GOV-C,GOV,NA,NA,江蘇,南京,參事,EM,Executive Management,1942,2,1942,鄭延卓,NA,湖南,長沙,M,36,1909,5,36
N01657,鄭文烈,P25313,Zheng Wenlie,財政部,直接稅署,GOV-C,GOV,NA,NA,江蘇,南京,稅務員,AOS,Administrative and Office Staff,1943,7,1943,鄭文烈,NA,山東,荷澤,M,32,1913,5,32
N05315,鄭烈,P25314,Zheng Lie,司法行政部第一級附屬機關主官及幕僚長,最高法院檢察署,GOV-C,GOV,NA,NA,江蘇,南京,檢察長,SCS,Senior Civil Service,1928,12,1928,鄭烈,曉雲,福建,福州,M,62,1883,2,62
N02943,鄭達生,P25315,Zheng Dasheng,經濟部,經濟部,GOV-C,GOV,NA,NA,江蘇,南京,簡任技正,PTS,Professional and Technical Staff,1943,3,1943,鄭達生,振華,江西,高安,M,40,1905,4,40
N07235,鄺植三,P25316,Kuang Zhisan,審計部,總務處,GOV-C,GOV,NA,NA,江蘇,南京,主任,MM,Middle Management,1942,2,1942,鄺植三,植森,廣東,台山,M,39,1906,4,39
N02679,金孔章,P25317,Jin Kongzhang,財政部,財政研究委員會,GOV-C,GOV,NA,NA,江蘇,南京,專任委員,MM,Middle Management,1942,11,1942,金孔章,NA,安徽,銅城,M,41,1904,4,41
N05854,金寶善,P25318,Jin Baoshan,衛生署,衛生署,GOV-C,GOV,NA,NA,江蘇,南京,署長,MM,Middle Management,1942,4,1942,金寶善,楚珍,浙江,紹興,M,52,1893,3,52
N04538,鈕長耀,P25319,Niu Changyao,社會部,社會部,GOV-C,GOV,NA,NA,江蘇,南京,簡任視導,AOS,Administrative and Office Staff,1940,11,1940,鈕長耀,NA,江蘇,上海,M,40,1905,4,40
N03461,錢雲階,P25320,Qian Yunjie,教育部,訓育委員會,GOV-C,GOV,NA,NA,江蘇,南京,副主任委員,MM,Middle Management,1938,5,1938,錢雲階,NA,湖北,漢陽,M,41,1904,4,41
N00227,鍾愷,P25321,Zhong Kai,國民政府,國民政府主計處,GOV-C,GOV,NA,NA,江蘇,南京,科長,MM,Middle Management,1931,4,1931,鍾愷,元卿,湖南,常德,M,55,1890,3,55
N00014,閻錫山,P25322,Yan Xishan,國民政府委員會,國民政府委員會,GOV-C,GOV,NA,NA,江蘇,南京,委員,MM,Middle Management,1932,1,1932,閻錫山,伯川,山西,五台,M,62,1883,2,62
N05460,阮承霖,P25323,Ruan Chenglin,蒙藏委員會,編譯室,GOV-C,GOV,NA,NA,江蘇,南京,主任,MM,Middle Management,1940,10,1933,阮承霖,雨民,陝西,安康,M,51,1894,3,51
N02928,陳伯康,P25324,Chen Bokang,經濟部,經濟部,GOV-C,GOV,NA,NA,江蘇,南京,專員,SCS,Senior Civil Service,1943,10,1943,陳伯康,NA,廣東,潮安,M,36,1909,5,36
N00179,陳其采,P25325,Chen Qicai,財政部,公債司核銷債券處公債籌募委員會,GOV-C,GOV,NA,NA,江蘇,南京,委員,MM,Middle Management,1931,4,1931,陳其采,藹士,浙江,吳興,M,65,1880,2,65
N00179,陳其采,P25326,Chen Qicai,國民政府,國民政府主計處,GOV-C,GOV,NA,NA,江蘇,南京,主計長,PTS,Professional and Technical Staff,1931,4,1931,陳其采,藹士,浙江,吳興,M,65,1880,2,65
N02909,陳匪石,P25327,Chen Feishi,經濟部,經濟部,GOV-C,GOV,NA,NA,江蘇,南京,參事,EM,Executive Management,1938,1,1938,陳匪石,NA,江蘇,南京,M,61,1884,2,61
N05155,陳士誠,P25328,Chen Shicheng,司法行政部,秘書處,GOV-C,GOV,NA,NA,江蘇,南京,編審,AOS,Administrative and Office Staff,1942,5,1942,陳士誠,幻雲,福建,霞浦,M,45,1900,4,45
N06684,陳大齊,P25329,Chen Daqi,考試院,法規委員會,GOV-C,GOV,NA,NA,江蘇,南京,當然委員,MM,Middle Management,1934,12,1934,陳大齊,百年,浙江,海鹽,M,58,1887,3,58
N06684,陳大齊,P25330,Chen Daqi,考選委員會,考選委員會,GOV-C,GOV,NA,NA,江蘇,南京,委員長,SCS,Senior Civil Service,1934,12,1934,陳大齊,百年,浙江,海鹽,M,58,1887,3,58
N02311,陳威,P25331,Chen Wei,振濟委員會,振濟委員會,GOV-C,GOV,NA,NA,江蘇,南京,常務委員,SEM,Senior Executive Management,1942,6,1942,陳威,NA,浙江,紹興,M,65,1880,2,65
N02311,陳威,P25332,Chen Wei,財政部,總務司,GOV-C,GOV,NA,NA,江蘇,南京,薦任科員,AOS,Administrative and Office Staff,1942,6,1942,陳威,NA,浙江,紹興,M,65,1880,2,65
N03331,陳宗英,P25333,Chen Zongying,教育部,督學堂,GOV-C,GOV,NA,NA,江蘇,南京,督學,PTS,Professional and Technical Staff,1941,2,1941,陳宗英,雪戡,福建,閩侯,M,52,1893,3,52
N04680,陳岩松,P25334,Chen Yansong,社會部,合作事業管理局,GOV-C,GOV,NA,NA,江蘇,南京,薦任視察,AOS,Administrative and Office Staff,1943,1,1943,陳岩松,瑞萱,浙江,永嘉,M,39,1906,4,39
N02916,陳廷煦,P25335,Chen Tingxu,經濟部,經濟部,GOV-C,GOV,NA,NA,江蘇,南京,簡任秘書,AOS,Administrative and Office Staff,1938,1,1938,陳廷煦,飲和,江蘇,嘉定,M,47,1898,4,47
N00545,陳建功,P25336,Chen Jiangong,國立中央研究,數學研究所籌備處,GOV-C,GOV,NA,NA,江蘇,南京,研究員,SCS,Senior Civil Service,1942,3,1942,陳建功,NA,浙江,紹興,M,50,1895,3,50
N06937,陳彰,P25337,Chen Zhang,考選委員會,考選委員會第三處,GOV-C,GOV,NA,NA,江蘇,南京,科員,AOS,Administrative and Office Staff,1943,9,1943,陳彰,伯杰,廣東,大埔,M,32,1913,5,32
N04148,陳揆,P25338,Chen Kui,交通部,工作競賽辦事處,GOV-C,GOV,NA,NA,江蘇,南京,研究員,SCS,Senior Civil Service,1943,6,1943,陳揆,百總,江蘇,常州,M,33,1912,5,33
N04122,陳有豐,P25339,Chen Youfeng,交通部,設計考核委員會,GOV-C,GOV,NA,NA,江蘇,南京,專門委員,AOS,Administrative and Office Staff,1943,11,1943,陳有豐,芭蓀,江蘇,嘉定,M,57,1888,3,57
N05496,陳樹人,P25340,Chen Shuren,財政部,公債司核銷債券處公債籌募委員會,GOV-C,GOV,NA,NA,江蘇,南京,委員,MM,Middle Management,1932,4,1932,陳樹人,NA,廣東,番禺,M,61,1884,2,61
N05496,陳樹人,P25341,Chen Shuren,教育部,南洋研究所,GOV-C,GOV,NA,第一級附屬機關主官及幕僚長,江蘇,南京,所長,SCS,Senior Civil Service,1932,4,1932,陳樹人,NA,廣東,番禺,M,61,1884,2,61
N05496,陳樹人,P25342,Chen Shuren,僑務委員會第一級附屬機關主官及幕僚長,囘國僑民事業輔導委員會,GOV-C,GOV,NA,NA,江蘇,南京,主任委員,MM,Middle Management,1932,4,1932,陳樹人,NA,廣東,番禺,M,61,1884,2,61
N06157,陳海澄,P25343,Chen Haicheng,立法院,立法院,GOV-C,GOV,NA,NA,江蘇,南京,立法委員,SEM,Senior Executive Management,1942,4,1942,陳海澄,劍秋,江蘇,阜甯,M,49,1896,3,49
N01716,陳燦章,P25344,Chen Canzhang,財政部,稅務署,GOV-C,GOV,NA,NA,江蘇,南京,秘書,AOS,Administrative and Office Staff,1943,9,1943,陳燦章,雋民,廣東,台山,M,49,1896,3,49
N07208,陳祚蔭,P25345,Chen Zuoyin,審計部,審計部第三廳,GOV-C,GOV,NA,NA,江蘇,南京,科長,MM,Middle Management,1935,3,1935,陳祚蔭,子莊,陝西,山陽,M,50,1895,3,50
N03659,陳綬蓀,P25346,Chen Shousun,交通部,總務司,GOV-C,GOV,NA,NA,江蘇,南京,簡任待遇專員,SCS,Senior Civil Service,1943,4,1943,陳綬蓀,NA,湖南,澧縣,M,47,1898,4,47
N02406,陳維羆,P25347,Chen Weipi,財政部,總務司,GOV-C,GOV,NA,NA,江蘇,南京,科長,MM,Middle Management,1942,4,1942,陳維羆,仲民,福建,同安,M,33,1912,5,33
N05590,陳訪先,P25348,Chen Fangxian,振濟委員會,振濟委員會,GOV-C,GOV,NA,NA,江蘇,南京,常務委員,SEM,Senior Executive Management,1938,4,1938,陳訪先,NA,安徽,東流,M,51,1894,3,51
N00439,陳遵嬀,P25349,Chen Zungui,國立中央研究,天文研究所,GOV-C,GOV,NA,NA,江蘇,南京,研究員,SCS,Senior Civil Service,1927,10,1927,陳遵嬀,NA,福建,閩侯,M,43,1902,4,43
N05324,陳錫瑚,P25350,Chen Xihu,司法行政部第一級附屬機關主官及幕僚長,廣西高等法院,GOV-A,GOV,NA,NA,廣西,桂林,首席檢察官,PTS,Professional and Technical Staff,1932,2,1932,陳錫瑚,著西,廣西,鬱林,M,49,1896,3,49
N05335,陳長簇,P25351,Chen Changcu,司法行政部第一級附屬機關主官及幕僚長,湖南高等法院,GOV-A,GOV,NA,NA,湖南,不明,院長,SEM,Senior Executive Management,1935,12,1935,陳長簇,右鈞,湖南,平江,M,65,1880,2,65
N00681,陳陛章,P25352,Chen Bizhang,行政院,總務組出納科,GOV-C,GOV,NA,NA,江蘇,南京,科長,MM,Middle Management,1937,10,1937,陳陛章,丹忱,河北,安新,M,56,1889,3,56
N06270,陳震異,P25353,Chen Zhenyi,立法院,編譯處,GOV-C,GOV,NA,NA,江蘇,南京,主任,MM,Middle Management,1933,3,1933,陳震異,NA,廣東,普寧,M,49,1896,3,49
N06609,陶冶公,P25354,Tao Yegong,中央公務員懲戒委員會,中央公務員懲戒委員會,GOV-C,GOV,NA,NA,江蘇,南京,委員,MM,Middle Management,1933,8,1933,陶冶公,NA,浙江,紹興,M,58,1887,3,58
N06302,陶善堅,P25355,Tao Shanjian,立法院,經濟委員會,GOV-C,GOV,NA,NA,江蘇,南京,主任,MM,Middle Management,1929,4,1929,陶善堅,銅似,浙江,NA,M,60,1885,2,60
N00508,陶孟和,P25356,Tao Menghe,國立中央研究,國立中央研究院評議會,GOV-C,GOV,NA,NA,江蘇,南京,當然評議員,MM,Middle Management,1934,5,1934,陶孟和,NA,河北,天津,M,56,1889,3,56
N00508,陶孟和,P25357,Tao Menghe,國立中央研究,社會科學研究所,GOV-C,GOV,NA,NA,江蘇,南京,所長,SCS,Senior Civil Service,1934,5,1934,陶孟和,NA,河北,天津,M,56,1889,3,56
N01224,陶鶴保,P25358,Tao Hebao,外交部,總務司庶務科會計室,GOV-C,GOV,NA,NA,江蘇,南京,總務司庶務科會計室,AOS,Administrative and Office Staff,1929,8,1929,陶鶴保,鐵梅,江蘇,鐵梅,M,54,1891,3,54
N06141,陸亞夫,P25359,Lu Yafu,立法院,立法院,GOV-C,GOV,NA,NA,江蘇,南京,立法委員,SEM,Senior Executive Management,1940,6,1940,陸亞夫,NA,雲南,鲁甸,M,46,1899,4,46
N04509,雷男,P25360,Lei Nan,農林部第一級附屬機關主官及幕僚長,貴州省推廣繁殖站,GOV-C,GOV,NA,NA,江蘇,南京,主任,MM,Middle Management,1943,1,1943,雷男,NA,湖南,永順,M,43,1902,4,43
N03001,韋特孚,P25361,Wei Tefu,經濟部,商業司,GOV-C,GOV,NA,NA,江蘇,南京,視察專員,AOS,Administrative and Office Staff,1942,3,1942,韋特孚,NA,安徽,霍邱,M,33,1912,5,33
N03079,顏澤韞,P25362,Yan Zeyun,經濟部,商業司,GOV-C,GOV,NA,NA,江蘇,南京,專員,SCS,Senior Civil Service,1944,1,1944,顏澤韞,紫石,廣東,連平,M,31,1914,5,31
N06646,饒炎,P25363,Rao Yan,考試院,法規委員會,GOV-C,GOV,NA,NA,江蘇,南京,當然委員,MM,Middle Management,1928,11,1928,饒炎,白康,四川,成都,M,62,1883,2,62
N06646,饒炎,P25364,Rao Yan,考試院,考試院,GOV-C,GOV,NA,NA,江蘇,南京,參事,EM,Executive Management,1942,3,1942,饒炎,白康,四川,成都,M,62,1883,2,62
N02624,馬吉璋,P25365,Ma Jizhang,財政部,總務司,GOV-C,GOV,NA,NA,江蘇,南京,科員,AOS,Administrative and Office Staff,1942,2,1942,馬吉璋,禮南,山東,長山,M,36,1909,5,36
N05595,馬文車,P25366,Ma Wenche,振濟委員會,振濟委員會,GOV-C,GOV,NA,NA,江蘇,南京,委員,MM,Middle Management,1943,3,1943,馬文車,心竹,浙江,東陽,M,42,1903,4,42
N06142,馬曉軍,P25367,Ma Xiaojun,立法院,立法院,GOV-C,GOV,NA,NA,江蘇,南京,立法委員,SEM,Senior Executive Management,1940,6,1940,馬曉軍,翰東,廣西,容縣,M,60,1885,2,60
N06688,馬洪煥,P25368,Ma Honghuan,考試院,法規委員會,GOV-C,GOV,NA,NA,江蘇,南京,當然委員,MM,Middle Management,1929,11,1929,馬洪煥,旭樓,廣東,台山,M,52,1893,3,NA
N06688,馬洪煥,P25369,Ma Honghuan,銓敘部,銓敘部,GOV-C,GOV,NA,NA,江蘇,南京,常務次長,NL,National Leadership,1942,3,1942,馬洪煥,旭樓,廣東,台山,M,52,1893,3,NA
N01726,馬雲亭,P25370,Ma Yunting,財政部,稅務署,GOV-C,GOV,NA,NA,江蘇,南京,稽核,AOS,Administrative and Office Staff,1943,5,1943,馬雲亭,NA,山東,泰安,M,33,1912,5,33
N05398,馬鶴天,P25371,Ma Hetian,蒙藏委員會,蒙藏委員會,GOV-C,GOV,NA,NA,江蘇,南京,委員,MM,Middle Management,1936,4,1936,馬鶴天,NA,山西,芮城,M,56,1889,3,56
N00348,馮百平,P25372,Feng Baiping,國民政府,國民政府政務官懲戒委員會秘書處,GOV-C,GOV,NA,NA,江蘇,南京,秘書,AOS,Administrative and Office Staff,1937,1,1937,馮百平,NA,河南,商城,M,44,1901,4,44
N00348,馮百平,P25373,Feng Baiping,財政部,貨物評價委員會,GOV-C,GOV,NA,NA,江蘇,南京,專任委員,MM,Middle Management,1937,1,1937,馮百平,NA,河南,商城,M,44,1901,4,44
N01965,馮祥麟,P25374,Feng Xianglin,財政部,緝私署,GOV-C,GOV,NA,NA,江蘇,南京,主任,MM,Middle Management,1944,1,1944,馮祥麟,NA,江蘇,南京,M,33,1912,5,33
N06378,馮鎮東,P25375,Feng Zhendong,司法院,視察室,GOV-C,GOV,NA,NA,江蘇,南京,視察,AOS,Administrative and Office Staff,1941,12,1941,馮鎮東,亞佛,湖北,漢川,M,66,1879,2,66
N07110,高一涵,P25376,Gao Yihan,監察院第一級附屬機關主官及幕僚長,甘肅寧夏青海監察區,GOV-A,GOV,NA,NA,不明,不明,監察使,AOS,Administrative and Office Staff,1940,8,1940,高一涵,NA,安徽,六合,M,58,1887,3,58
N01630,高奇,P25377,Gao Qi,財政部,直接稅署,GOV-C,GOV,NA,NA,江蘇,南京,統計主任,PTS,Professional and Technical Staff,1937,1,1937,高奇,NA,山東,濟寧,M,42,1903,4,42
N01630,高奇,P25378,Gao Qi,財政部,直接稅署,GOV-C,GOV,NA,NA,江蘇,南京,視察,AOS,Administrative and Office Staff,1936,9,1936,高奇,NA,山東,濟寧,M,42,1903,4,42
N05946,高梅芳,P25379,Gao Meifang,衛生署,會計處,GOV-C,GOV,NA,NA,江蘇,南京,薦任視察,AOS,Administrative and Office Staff,1942,1,1942,高梅芳,楳放,江蘇,無錫,M,30,1915,5,30
N02425,魏炳辰,P25380,Wei Bingchen,財政部,總務司,GOV-C,GOV,NA,NA,江蘇,南京,會計員,AOS,Administrative and Office Staff,1940,11,1940,魏炳辰,宿衡,河北,寧河,M,53,1892,3,53
N04459,魯昌文,P25381,Lu Changwen,農林部第一級附屬機關主官及幕僚長,輔導重慶南岸合作農場,GOV-C,GOV,NA,NA,江蘇,南京,輔導員,AOS,Administrative and Office Staff,1942,1,1942,魯昌文,NA,湖北,鄂城,M,40,1905,4,40
N05479,鮑軻,P25382,Bao Ke,蒙藏委員會,人事室,GOV-C,GOV,NA,NA,江蘇,南京,主任,MM,Middle Management,1943,9,1941,鮑軻,孟晉,河北,完縣,M,36,1909,5,36
N06107,黃一歐,P25383,Huang Yiou,立法院,立法院,GOV-C,GOV,NA,NA,江蘇,南京,立法委員,SEM,Senior Executive Management,1933,1,1933,黃一歐,NA,湖南,長沙,M,52,1893,3,52
N06331,黃介民,P25384,Huang Jiemin,司法院,秘書處,GOV-C,GOV,NA,NA,江蘇,南京,科長,MM,Middle Management,1937,4,1937,黃介民,NA,江西,清江,M,60,1885,2,60
N04519,黃伯度,P25385,Huang Bodu,社會部,社會部,GOV-C,GOV,NA,NA,江蘇,南京,常務次長,NL,National Leadership,1940,11,1940,黃伯度,NA,安徽,舒城,M,53,1892,3,53
N05345,黃元鼎,P25386,Huang Yuanding,司法行政部第一級附屬機關主官及幕僚長,安徽高等法院,GOV-A,GOV,NA,NA,安徽,合肥,書記官長,SCS,Senior Civil Service,1938,7,1938,黃元鼎,虎岑,安徽,桐城,M,57,1888,3,57
N00995,黃厚端,P25387,Huang Houduan,內政部,內政部營建司,GOV-C,GOV,NA,NA,江蘇,南京,統計長,PTS,Professional and Technical Staff,1937,12,1937,黃厚端,一中,湖南,長沙,M,42,1903,4,42
N06090,黃右昌,P25388,Huang Youchang,立法院,自治法委員會,GOV-C,GOV,NA,NA,江蘇,南京,立法委員,SEM,Senior Executive Management,1930,12,1930,黃右昌,黼馨,湖南,臨澧,M,60,1885,2,60
N04472,黃希周,P25389,Huang Xizhou,農林部第一級附屬機關主官及幕僚長,青衣江流域國有林區管理處,GOV-A,GOV,NA,NA,不明,不明,主任,MM,Middle Management,1942,3,1942,黃希周,NA,江蘇,溧陽,M,44,1901,4,44
N04710,黃懋仁,P25390,Huang Maoren,社會部,勞動局,GOV-C,GOV,NA,NA,江蘇,南京,簡任視導,AOS,Administrative and Office Staff,1942,9,1942,黃懋仁,NA,江西,萍鄉,M,47,1898,4,47
N06183,黃懺華,P25391,Huang Chanhua,立法院,秘書室,GOV-C,GOV,NA,NA,江蘇,南京,簡任秘書,AOS,Administrative and Office Staff,1928,12,1928,黃懺華,NA,廣東,順德,M,52,1893,3,52
N01167,黃朝琴,P25392,Huang Zhaoqin,外交部,外交部情報司,GOV-C,GOV,NA,NA,江蘇,南京,總領事,SCS,Senior Civil Service,1942,3,1942,黃朝琴,NA,福建,南安,M,43,1902,4,43
N03716,黃桂祺,P25393,Huang Guiqi,交通部,交通部第四組,GOV-C,GOV,NA,NA,江蘇,南京,技正,PTS,Professional and Technical Staff,1938,1,1938,黃桂祺,康亞,江蘇,崇明,M,52,1893,3,52
N05571,黃震東,P25394,Huang Zhendong,僑務委員會,會計室,GOV-C,GOV,NA,NA,江蘇,南京,代理主任,MM,Middle Management,1944,3,1944,黃震東,NA,湖北,石首,M,58,1887,3,58
N03625,黃麟書,P25395,Huang Linshu,教育部,教育部戰區教師第三工作團,GOV-C,GOV,NA,第一級附屬機關主官及幕僚長,江蘇,南京,團長,MM,Middle Management,1944,2,1944,黃麟書,NA,廣東,龍川,M,50,1895,3,50
N03499,龍發甲,P25396,Long Fajia,教育部,專門技術工作諮詢處,GOV-C,GOV,NA,NA,江蘇,南京,幹事,SCS,Senior Civil Service,1941,4,1941,龍發甲,經田,江西,永新,M,36,1909,5,36
N04120,龔學遂,P25397,Gong Xuesui,交通部,公路總局,GOV-C,GOV,NA,第一級附屬機關主官及幕僚長,江蘇,南京,副局長,MM,Middle Management,1943,3,1943,龔學遂,伯鏞,江西,金溪,M,51,1894,3,51
N05935,龔樹森,P25398,Gong Shusen,衛生署,會計處,GOV-C,GOV,NA,NA,江蘇,南京,處長,MM,Middle Management,1943,12,1943,龔樹森,木三,湖北,監利,M,47,1898,4,47
